site_url,feed_url,old_feed_url,resolved,registered,created_on,updated_on,title,link,description,generator,entries,earliest_post,last_published
,http://blog.davidville.com/feed/,http://blog.davidville.com/feed/,192.0.78.12,true,2001-04-28 17:33:21 UTC,2020-04-29 19:22:20 UTC,Davidville,,,,,,
http://blog.benchcoach.com,http://blog.benchcoach.com/?feed=rss2,http://blog.benchcoach.com/?feed=rss2,,,,,Benchcoach,,,,,,
http://fortuito.us/,http://feeds.feedburner.com/fortuitousblog,http://feeds.feedburner.com/fortuitousblog,172.217.10.14,true,2003-12-01 22:10:05 -0800,2019-10-31 02:35:58 -0700,fortuitous,http://fortuito.us/,,http://www.sixapart.com/movabletype/,7,2007-04-23 20:28:47 UTC,2011-03-23 07:31:29 UTC
http://nukemanbill.blogspot.com/,http://nukemanbill.blogspot.com/feeds/posts/default,http://nukemanbill.blogspot.com/feeds/posts/default,142.250.64.97,true,2000-07-31 00:00:00 -0700,2019-06-29 02:36:23 -0700,Building a Software Company,http://nukemanbill.blogspot.com/,Rantings of an Entrepreneur,Blogger,7,2008-05-17 02:38:00 UTC,2011-09-06 00:18:00 UTC
https://headrush.typepad.com/creating_passionate_users/,http://headrush.typepad.com/creating_passionate_users/index.rdf,http://headrush.typepad.com/creating_passionate_users/index.rdf,104.18.136.190,true,2003-03-31 22:27:18 UTC,2020-03-02 04:47:20 UTC,Creating Passionate Users,https://headrush.typepad.com/creating_passionate_users/,,TypePad,10,2007-03-16 19:43:27 UTC,2007-04-06 19:00:42 UTC
,http://www.bugblogger.com/atom.xml,http://www.bugblogger.com/atom.xml,199.21.248.48,true,2006-09-06 19:24:26 UTC,,Bug Blogger,,,,,,
,http://materialicio.us/feed/,http://materialicio.us/feed/,216.92.3.112,true,,,materialicious,,,,,,
,http://www.greenerminds.com/feed/,http://www.greenerminds.com/feed/,50.87.196.131,true,2006-09-28 17:29:44 UTC,2019-09-13 17:29:59 UTC,Greener Minds- Sustainable Living in Western New York,,,,,,
http://beginsinwonder.com,http://beginsinwonder.com/feed/,http://beginsinwonder.com/feed/,192.30.252.154,true,2006-11-01 22:25:26 UTC,2019-10-02 10:41:45 UTC,...begins in wonder,,,,,,
,http://feeds.feedburner.com/spattendesign,http://feeds.feedburner.com/spattendesign,172.217.12.206,true,2003-12-01 22:10:05 -0800,2019-10-31 02:35:58 -0700,spatten design - blog,,,,,,
,http://www.avibryant.com/index.rdf,http://www.avibryant.com/index.rdf,104.198.14.52,true,2007-07-04 16:25:00 UTC,2020-06-05 07:29:05 UTC,HREF Considered Harmful,,,,,,
http://anarchaia.org,http://anarchaia.org/index.rss,http://anarchaia.org/index.rss,217.10.14.234,true,2005-10-17 18:37:24 UTC,2019-08-18 17:48:24 UTC,Anarchaia,http://anarchaia.org,"Experimental, impressionistic sub-paragraph tumblin' (think obstsalat)",Nukumi2 0.5,15,2008-09-12 09:26:11 UTC,2008-10-03 09:37:28 UTC
http://erleuchtet.org/,http://erleuchtet.org/atom.xml,http://erleuchtet.org/atom.xml,81.26.162.93,true,2005-09-16 10:53:29 UTC,2020-01-02 20:42:38 UTC,\o/,http://erleuchtet.org/,,Movable Type 4.35-en,6,2008-03-30 23:01:44 UTC,2011-06-15 21:54:28 UTC
https://www.ianbicking.org/,http://blog.ianbicking.org/feeds/new_pages.xml,http://blog.ianbicking.org/feeds/new_pages.xml,208.113.215.136,true,2003-07-11 08:21:14 UTC,2019-01-23 03:18:30 UTC,Ian Bicking: A Blog,https://www.ianbicking.org/,,,20,2015-04-23 05:00:00 UTC,2019-07-30 05:00:00 UTC
http://2008.goruco.com/,http://2008.goruco.com/rss/,http://2008.goruco.com/rss/,192.30.252.153,true,2006-12-17 03:10:11 UTC,2019-11-25 13:54:15 UTC,GoRuCo,http://2008.goruco.com/,"News about GoRuCo, a one-day, single-track event in New York City dedicated to everything Ruby.",,10,2008-02-12 01:01:09 UTC,2008-04-28 22:07:41 UTC
,http://blogs.pragprog.com/cgi-bin/pragdave.cgi/index.rss,http://blogs.pragprog.com/cgi-bin/pragdave.cgi/index.rss,208.94.146.70,true,1999-01-19 05:00:00 UTC,2019-12-21 08:31:37 UTC,PragDave,,,,,,
http://ontherails.blogspot.com/,http://ontherails.blogspot.com/atom.xml,http://ontherails.blogspot.com/atom.xml,172.217.12.129,true,2000-07-31 00:00:00 -0700,2019-06-29 02:36:23 -0700,On The Rails,http://ontherails.blogspot.com/,"A budding Rubyist works and plays with Ruby On Rails, the MVC web development framework of the new millenium. He writes about it too.",Blogger,9,2004-11-01 17:47:00 UTC,2004-11-19 18:55:00 UTC
http://onthethought.blogspot.com/,http://onthethought.blogspot.com/atom.xml,http://onthethought.blogspot.com/atom.xml,172.217.12.161,true,,,On the Thought,http://onthethought.blogspot.com/,Bruce Eckel's Idea Blog: over-the-transom thoughts about programming technology. See the main site at www.MindView.net for more information (and longer articles).,Blogger,25,2005-01-26 15:49:00 UTC,2005-05-31 23:21:00 UTC
,http://www.codepoetry.net/feeds/codepoetry.xml,http://www.codepoetry.net/feeds/codepoetry.xml,209.50.57.182,true,,,"codepoetry - technology, unabridged.",,,,,,
https://metajack.wordpress.com,http://metajack.wordpress.com/feed/,http://metajack.wordpress.com/feed/,192.0.78.12,true,2000-03-03 04:13:23 -0800,2020-02-01 02:18:28 -0800,metajack,https://metajack.wordpress.com,a blog about startups and code,http://wordpress.com/,10,2008-07-04 04:24:46 UTC,2008-09-03 03:01:03 UTC
,http://lispmeister.com/blog/index.rss,http://lispmeister.com/blog/index.rss,198.210.48.7,true,2019-10-10 18:09:35 UTC,2019-10-15 18:24:35 UTC,Lispmeister.com,,,,,,
http://lemonodor.com/,http://lemonodor.com/rss10-full.xml,http://lemonodor.com/rss10-full.xml,159.89.148.25,true,2001-12-16 22:14:26 UTC,2019-12-01 15:02:16 UTC,Lemonodor,http://lemonodor.com/,A mostly Lisp weblog by John Wiseman,,15,2008-04-01 21:19:53 UTC,2008-09-23 16:31:53 UTC
http://blog.fallingsnow.net,http://blog.fallingsnow.net/feed/atom/,http://blog.fallingsnow.net/feed/atom/,192.0.78.12,true,2002-05-28 12:45:00 UTC,2020-04-29 07:24:07 UTC,Phoenix isn't just a town in Arizona,,,,,,
,http://redhanded.hobix.com/index.xml,http://redhanded.hobix.com/index.xml,,,,,RedHanded,,,,,,
,http://feeds.feedburner.com/errtheblog,http://feeds.feedburner.com/errtheblog,172.217.10.78,true,2003-12-01 22:10:05 -0800,2019-10-31 02:35:58 -0700,Err the Blog - Home,,,,,,
,http://freehackersunion.org/feed.atom,http://freehackersunion.org/feed.atom,,,,,"<div xmlns=""http://www.w3.org/1999/xhtml"">The Freehackers Union</div>",,,,,,
https://alexiskold.net,http://alexiskold.wordpress.com/feed/,http://alexiskold.wordpress.com/feed/,192.0.78.13,true,2000-03-03 04:13:23 -0800,2020-02-01 02:18:28 -0800,Alex Iskold Technology Blog,,,,,,
,http://www.quietlyscheming.com/blog/feed/,http://www.quietlyscheming.com/blog/feed/,51.91.31.37,true,2006-02-13 02:22:53 UTC,,Quietly Scheming,,Just another WordPress site,https://wordpress.org/?v=5.3.4,0,,
https://nitrogen-erlang.tumblr.com/,http://nitrogen-erlang.tumblr.com/rss,http://nitrogen-erlang.tumblr.com/rss,74.114.154.22,true,2006-06-08 15:11:40 -0700,2019-12-19 10:21:17 -0800,Nitrogen Web Framework,https://nitrogen-erlang.tumblr.com/,An event-driven web framework for Erlang.,Tumblr (3.0; @nitrogen-erlang),6,2008-10-16 04:14:00 UTC,2008-12-29 17:15:13 UTC
,http://smallthought.com/avi/?feed=rss2,http://smallthought.com/avi/?feed=rss2,54.208.77.124,true,2004-09-08 16:17:11 UTC,,HREF Considered Harmful,,,,,,
https://N-O-D-E.net,https://n-o-d-e.net/rss/rss.xml,https://n-o-d-e.net/rss/rss.xml,91.207.50.60,true,2014-11-05 10:12:00 UTC,2019-10-31 11:13:07 UTC,N O D E,https://N-O-D-E.net,,,123,,
,http://hivelogic.com/index.xml,http://hivelogic.com/index.xml,162.255.119.254,true,2001-02-24 23:53:16 UTC,2020-01-25 06:32:55 UTC,Hivelogic - The Narrative,,,,,,
https://bigeyedeer.wordpress.com,http://bigeyedeer.wordpress.com/feed/,http://bigeyedeer.wordpress.com/feed/,192.0.78.12,true,2000-03-03 04:13:23 -0800,2020-02-01 02:18:28 -0800,the rut.,https://bigeyedeer.wordpress.com,"No, I don't draw my cartoons with my feet... why does everyone keep asking that??",http://wordpress.com/,10,2012-10-22 21:49:31 UTC,2013-04-18 11:35:55 UTC
http://jacquesmattheij.com/,http://jacquesmattheij.com/rss.xml,http://jacquesmattheij.com/rss.xml,5.79.86.24,true,2007-03-21 16:06:33 UTC,2020-03-22 07:36:28 UTC,Jacques Mattheij,http://jacquesmattheij.com/,Recent content on Jacques Mattheij,Hugo -- gohugo.io,342,2008-08-24 00:00:00 UTC,2020-06-18 00:00:00 UTC
,http://mooseyard.com/Jens/feed/atom/,http://mooseyard.com/Jens/feed/atom/,69.163.161.182,true,1995-06-26 21:00:00 UTC,2020-05-25 07:24:10 UTC,Thought Palace,,,,,,
https://lemonodor.tumblr.com/,http://lemonodor.tumblr.com/rss,http://lemonodor.tumblr.com/rss,74.114.154.18,true,2006-06-08 15:11:40 -0700,2019-12-19 10:21:17 -0800,Lemonodor Auxiliary,,,,,,
http://bitbq.com/blog,http://bitbq.com/blog/feed/,http://bitbq.com/blog/feed/,104.131.119.252,true,2009-08-06 22:22:05 UTC,2019-08-01 13:35:00 UTC,BitBQ Blog,,,,,,
https://wnycradiolab.tumblr.com/,http://wnycradiolab.tumblr.com/rss,http://wnycradiolab.tumblr.com/rss,74.114.154.22,true,2006-06-08 15:11:40 -0700,2019-12-19 10:21:17 -0800,Radiolab,https://wnycradiolab.tumblr.com/,A show about curiosity.,Tumblr (3.0; @wnycradiolab),20,2015-05-21 17:42:19 UTC,2016-08-16 18:45:53 UTC
https://prometheusfusionperfection.com,http://prometheusfusionperfection.com/feed/,http://prometheusfusionperfection.com/feed/,192.0.78.25,true,2009-04-10 20:59:42 UTC,,Prometheus Fusion Perfection,https://prometheusfusionperfection.com,"Developing Clean, Cheap, Open Source Energy with the Bussard Reactor.",http://wordpress.com/,10,2012-07-18 00:21:43 UTC,2013-07-07 18:26:46 UTC
https://www.oreilly.com/radar,http://feeds.feedburner.com/FourShortLinks,http://feeds.feedburner.com/FourShortLinks,23.192.21.184,true,1997-05-27 04:00:00 UTC,,Four Short Links ‚Äì Radar,https://www.oreilly.com/radar,"Now, next, and beyond: Tracking need-to-know trends at the intersection of business and technology",https://wordpress.org/?v=5.3.4,60,2020-04-21 11:37:09 UTC,2020-06-25 11:28:11 UTC
http://kottke.org/,http://feeds.kottke.org/main,http://feeds.kottke.org/main,162.247.141.135,true,1998-12-26 05:00:00 UTC,2019-09-13 19:18:44 UTC,kottke.org,,,,,,
https://what-if.xkcd.com/145/,http://what-if.xkcd.com/feed.atom,http://what-if.xkcd.com/feed.atom,151.101.208.67,true,2003-01-26 02:25:10 UTC,,What If?,,"Answering your hypothetical questions with physics, every Tuesday.",,5,2016-01-30 00:00:00 UTC,2018-05-21 00:00:00 UTC
http://www.questionablecontent.net,http://www.questionablecontent.net/QCRSS.xml,http://www.questionablecontent.net/QCRSS.xml,104.31.8.174,true,2003-08-01 17:38:40 -0400,2017-07-29 14:13:51 -0400,QC RSS,http://www.questionablecontent.net,The Official QC RSS Feed,Feeder 3 3.7.2(3302); Mac OS X Version 10.15.3 (Build 19D76) http://reinventedsoftware.com/feeder/,728,2017-04-26 03:59:00 UTC,2020-06-26 00:58:33 UTC
https://www.wnycstudios.org/podcasts/radiolab/projects/podcasts,http://feeds.wnyc.org/radiolab,http://feeds.wnyc.org/radiolab,3.225.46.40,true,2015-08-13 17:36:43 UTC,2019-07-10 00:44:37 UTC,WNYC's Radio Lab,https://www.wnycstudios.org/podcasts/radiolab,Investigating a strange world.,,2,2020-04-06 16:00:00 UTC,2020-05-27 16:00:00 UTC
http://www.harkavagrant.com,http://www.rsspect.com/rss/vagrant.xml,http://www.rsspect.com/rss/vagrant.xml,69.163.225.80,true,2009-03-05 14:22:43 UTC,2020-03-06 08:27:38 UTC,"Hark, A Vagrant!",http://www.harkavagrant.com,"Hark, A Vagrant! by Kate Beaton","Hark, A Vagrant!",10,,
http://geeksjournal1976.blogspot.com/,http://geeksjournal1976.blogspot.com/feeds/posts/default,http://geeksjournal1976.blogspot.com/feeds/posts/default,172.217.11.1,true,2000-07-31 00:00:00 -0700,2019-06-29 02:36:23 -0700,A Geek's Journal-1976,http://geeksjournal1976.blogspot.com/,What if there had been blogs in 1976? I would most definitely have had one and this might well have been it. This blog is based on my actual journal kept in 1976.,Blogger,25,2011-12-16 05:19:00 UTC,2013-05-14 14:24:00 UTC
https://willschenk.com/,http://willschenk.com/feed.xml,http://willschenk.com/feed.xml,185.199.108.153,true,2014-10-31 13:38:00 UTC,2019-10-02 07:37:06 UTC,Will Schenk,https://willschenk.com/,Recent content on Will Schenk,Hugo -- gohugo.io,74,0001-01-01 00:00:00 UTC,2020-06-17 00:00:00 UTC
http://www.ftrain.com/,http://www.ftrain.com/xml/feed/rss.xml,http://www.ftrain.com/xml/feed/rss.xml,76.76.21.21,true,1999-01-08 00:00:00 UTC,2020-03-25 16:46:36 UTC,Ftrain.com,,,,,,
https://labnotes.org/,http://blog.labnotes.org/feed/,http://blog.labnotes.org/feed/,138.68.199.28,true,2005-08-07 00:01:04 UTC,2019-11-20 17:51:05 UTC,Labnotes,https://labnotes.org/,"üî• Software design and development, people and management, culture and technology. A mix of insightful, informative, and funny. Goes great with coffee. ‚òïÔ∏è",Ghost 3.21,15,2020-04-05 04:21:55 UTC,2020-06-20 23:58:25 UTC
http://www.redhookgreen.com/,http://www.redhookgreen.com/feeds/posts/default,http://www.redhookgreen.com/feeds/posts/default,172.217.6.211,true,2009-10-26 20:07:15 UTC,,RedhookGreen,http://www.redhookgreen.com/,"How do you live a more ‚Äògreen-ish‚Äô lifestyle, while being practical about it?",Blogger,25,2009-11-10 18:13:00 UTC,2013-05-24 19:56:00 UTC
http://codex.happyfuncorp.com/,http://codex.happyfuncorp.com/feed,http://codex.happyfuncorp.com/feed,52.4.240.221,true,2010-10-27 19:39:32 UTC,2019-10-12 12:39:11 UTC,HappyFunCorp Codex,https://codex.happyfuncorp.com?source=rss----4380964deb1e---4,We design and build software for startups and enterprise - Medium,Medium,10,2019-12-20 20:38:42 UTC,2020-04-11 12:31:00 UTC
http://www.themacro.com,http://macro.ycombinator.com/feed.xml,http://macro.ycombinator.com/feed.xml,13.225.64.75,true,2009-10-27 19:06:22 UTC,2020-03-25 23:00:29 UTC,The Macro,http://www.themacro.com,Stores from the YC World,,6,2016-10-14 19:15:16 UTC,2016-11-08 15:42:48 UTC
http://patrickburleson.com,http://www.patrickburleson.com/wp-rss2.php,http://www.patrickburleson.com/wp-rss2.php,107.170.247.49,true,1999-05-01 19:51:00 UTC,2020-05-02 05:43:38 UTC,Pbur's Adventures,http://patrickburleson.com,The life and times of Patrick Burleson,https://wordpress.org/?v=5.4.1,10,2013-03-07 15:52:41 UTC,2017-04-18 21:12:28 UTC
https://marco.org/,http://www.marco.org/rss,http://www.marco.org/rss,23.92.23.45,true,2000-05-16 03:38:08 UTC,2019-11-15 01:58:53 UTC,Marco.org,https://marco.org/,"I‚Äôm Marco Arment, creator of Overcast, technology podcaster and writer, and coffee enthusiast.",,20,2017-10-14 19:31:55 UTC,2020-01-31 18:46:32 UTC
https://darkshapesprowl.tumblr.com/,http://darkshapesprowl.tumblr.com/rss,http://darkshapesprowl.tumblr.com/rss,74.114.154.22,true,2006-06-08 15:11:40 -0700,2019-12-19 10:21:17 -0800,Dark Shapes,https://darkshapesprowl.tumblr.com/,,Tumblr (3.0; @darkshapesprowl),20,2011-05-26 21:57:00 UTC,2012-07-03 17:00:43 UTC
http://dealloc.me/,http://feeds.feedburner.com/encytemedia,http://feeds.feedburner.com/encytemedia,,,,,Encytemedia - Home,,,,,,
https://awesomepeoplehangingouttogether.tumblr.com/,http://awesomepeoplehangingouttogether.tumblr.com/rss,http://awesomepeoplehangingouttogether.tumblr.com/rss,74.114.154.18,true,2006-06-08 15:11:40 -0700,2019-12-19 10:21:17 -0800,awesome people hanging out together,,,,,,
https://www.newspaperclub.com/blog/posts,http://blog.newspaperclub.co.uk/feed/,http://blog.newspaperclub.co.uk/feed/,52.208.187.32,true,2009-04-22 00:00:00 -0400,2018-04-15 00:00:00 -0400,Newspaper Club,,,,,,
https://faithwashtub.livejournal.com/,https://faithwashtub.livejournal.com/data/rss,https://faithwashtub.livejournal.com/data/rss,13.88.179.33,true,1999-04-15 04:00:00 UTC,2020-03-15 21:17:41 UTC,faithwashtub,https://faithwashtub.livejournal.com/,faithwashtub - LiveJournal.com,LiveJournal / LiveJournal.com,25,2020-03-08 07:49:05 UTC,2020-03-26 06:16:32 UTC
https://aestheticsofjoy.com,http://aestheticsofjoy.com/feed/,http://aestheticsofjoy.com/feed/,104.31.74.74,true,2009-05-14 04:36:37 UTC,,aesthetics of joy,https://aestheticsofjoy.com,,https://wordpress.org/?v=5.4.2,9,2020-04-17 22:46:23 UTC,2020-06-20 15:10:22 UTC
http://www.erlang-factory.com/news/rss,http://www.erlang-factory.com/news/rss,http://www.erlang-factory.com/news/rss,18.184.93.36,true,2009-01-28 22:17:07 UTC,2019-11-29 19:38:05 UTC,Erlang Factory News Feed,http://www.erlang-factory.com/news/rss,"
      News from the Erlang Factory!
    ",,5,,
https://panic.com/blog,http://www.panic.com/blog/feed/,http://www.panic.com/blog/feed/,38.103.165.38,true,1992-07-14 04:00:00 UTC,2019-07-13 15:06:51 UTC,Panic Blog,https://panic.com/blog,The latest news and stuff from Panic Inc,https://wordpress.org/?v=5.3.4,10,2018-01-05 20:48:27 UTC,2020-03-09 22:00:01 UTC
,http://blogs.smugmug.com/onethumb/feed/atom/,http://blogs.smugmug.com/onethumb/feed/atom/,13.225.67.65,true,2002-08-05 17:25:05 -0700,2018-11-09 10:29:57 -0800,SmugBlog: Don MacAskill,,,,,,
https://scout.tumblr.com/,http://scout.tumblr.com/rss,http://scout.tumblr.com/rss,74.114.154.18,true,2006-06-08 15:11:40 -0700,2019-12-19 10:21:17 -0800,delete the adjectives,https://scout.tumblr.com/,"Alayna, 30, Philadelphia. ARCHIVE
RANDOM
FAVORITES
ASK

INSTAGRAM",Tumblr (3.0; @scout),20,2019-12-01 04:33:07 UTC,2020-02-14 20:20:52 UTC
https://slowweb.tumblr.com/,http://slowweb.tumblr.com/rss,http://slowweb.tumblr.com/rss,74.114.154.18,true,2006-06-08 15:11:40 -0700,2019-12-19 10:21:17 -0800,Slow Web,https://slowweb.tumblr.com/,"There‚Äôs a web that‚Äôs well-considered and worth savoring. We‚Äôll show you where.


var gaJsHost = ((""https:"" == document.location.protocol) ? ""https://ssl."" : ""http://www."");
document.write(unescape(""%3Cscript src='"" + gaJsHost + ""google-analytics.com/ga.js' type='text/javascript'%3E%3C/script%3E""));

try {
var pageTracker = _gat._getTracker(""UA-6806257-2"");
pageTracker._trackPageview();
} catch(err) {}",Tumblr (3.0; @slowweb),20,2009-08-15 21:11:57 UTC,2012-06-23 18:48:18 UTC
http://github.com/dylang/node-rss,https://szymonkaliski.com/feed.xml,https://szymonkaliski.com/feed.xml,140.82.113.4,true,,,Szymon Kaliski,https://github.com/dylang/node-rss/commits/master,,,20,2015-05-26 08:00:26 UTC,2017-01-11 16:28:16 UTC
http://tomayko.com/,http://tomayko.com/feed,http://tomayko.com/feed,104.27.134.227,true,2006-12-23 19:16:09 UTC,2018-01-25 07:44:53 UTC,Ryan Tomayko,,,,,,
https://wildfood.tumblr.com/,http://wildfood.tumblr.com/rss,http://wildfood.tumblr.com/rss,74.114.154.18,true,2006-06-08 15:11:40 -0700,2019-12-19 10:21:17 -0800,Wild Food!,https://wildfood.tumblr.com/,Because most people have no idea what their food used to look like.,Tumblr (3.0; @wildfood),20,2011-06-17 13:44:02 UTC,2013-03-18 15:59:38 UTC
https://xkcd.com/,http://xkcd.com/rss.xml,http://xkcd.com/rss.xml,151.101.128.67,true,2003-01-26 02:25:10 UTC,,xkcd.com,https://xkcd.com/,,,4,2020-06-17 00:00:00 UTC,2020-06-24 00:00:00 UTC
http://n-gate.com/index.rss,http://n-gate.com/index.rss,http://n-gate.com/index.rss,216.126.196.58,true,1995-05-21 04:00:00 UTC,2020-05-14 16:24:17 UTC,n-gate.com.,http://n-gate.com/index.rss,"","Tom Duff's rc, and Kris Maglione's clever hackery",3,2020-06-08 09:09:40 UTC,2020-06-22 07:26:35 UTC
https://daringfireball.net/,http://daringfireball.net/index.xml,http://daringfireball.net/index.xml,104.27.148.53,true,2002-03-18 03:07:38 UTC,2018-04-18 18:25:50 UTC,Daring Fireball,https://daringfireball.net/,By John Gruber,,48,2020-05-22 04:01:00 UTC,2020-06-26 03:05:59 UTC
,http://makeitjust.com/feed/,http://makeitjust.com/feed/,217.70.184.55,true,2009-07-15 16:13:22 UTC,2020-06-20 00:33:04 UTC,Just. / Blog,,,,,,
,http://www.wagerlabs.com/blog/atom.xml,http://www.wagerlabs.com/blog/atom.xml,185.199.111.153,true,2001-06-20 03:35:20 UTC,2020-06-02 07:23:04 UTC,Tenerife Skunkworks,,,,,,
http://exsanguination.tumblr.com/,http://exsanguination.tumblr.com/rss,http://exsanguination.tumblr.com/rss,74.114.154.18,true,2006-06-08 15:11:40 -0700,2019-12-19 10:21:17 -0800,exsanguination,,,,,,
https://skunkbear.tumblr.com/,http://skunkbear.tumblr.com/rss,http://skunkbear.tumblr.com/rss,74.114.154.18,true,2006-06-08 15:11:40 -0700,2019-12-19 10:21:17 -0800,Skunk¬†Bear,https://skunkbear.tumblr.com/,NPR‚Äôs Science Tumblr,Tumblr (3.0; @skunkbear),20,2017-02-01 19:54:54 UTC,2018-12-27 20:28:58 UTC
https://quotes.igvita.com/,http://igrigorik.tumblr.com/rss,http://igrigorik.tumblr.com/rss,74.114.154.18,true,2004-03-14 18:09:39 UTC,,Thought stream,https://quotes.igvita.com/,,Tumblr (3.0; @igrigorik),20,2017-10-05 14:53:19 UTC,2019-12-23 16:15:19 UTC
http://youaughttoremember.blogspot.com/,http://youaughttoremember.blogspot.com/feeds/posts/default,http://youaughttoremember.blogspot.com/feeds/posts/default,172.217.12.129,true,2000-07-31 00:00:00 -0700,2019-06-29 02:36:23 -0700,You AUGHT To Remember,http://youaughttoremember.blogspot.com/,"Counting the 100 trends, fashions, memes, personalities and ideas that shaped the first decade of the 21st Century.",Blogger,25,2009-12-10 01:13:00 UTC,2010-01-01 02:03:00 UTC
http://ffffound.com/home/combray/found/,http://ffffound.com/home/combray/found/feed,http://ffffound.com/home/combray/found/feed,104.31.89.209,true,2007-05-18 07:43:42 UTC,2018-03-19 07:14:13 UTC,FFFFOUND! / COMBRAY / FOUND,,,,,,
http://jvns.ca,http://jvns.ca/atom.xml,http://jvns.ca/atom.xml,,,,,Julia Evans,,,,,,
http://railstips.org/blog/,http://feeds.feedburner.com/railstips,http://feeds.feedburner.com/railstips,172.217.12.206,true,2003-12-01 22:10:05 -0800,2019-10-31 02:35:58 -0700,RailsTips - Home,http://railstips.org/blog/,,,15,2011-09-01 03:00:00 UTC,2016-12-08 16:00:00 UTC
http://criterioncollection.blogspot.com/,http://criterioncollection.blogspot.com/feeds/posts/default,http://criterioncollection.blogspot.com/feeds/posts/default,172.217.11.33,true,,,The Criterion Contraption,http://criterioncollection.blogspot.com/,I'm going to watch every last DVD in the Criterion Collection.  ,Blogger,25,2010-08-22 02:30:00 UTC,2015-09-17 00:47:00 UTC
http://www.ahungrygull.com,http://ahungrygull.com/?feed=rss2,http://ahungrygull.com/?feed=rss2,142.252.159.60,true,2019-12-18 19:31:38 UTC,2020-01-30 17:46:11 UTC,Hungry Gull,,,,,,
https://stevenf.com/wiki/,http://stevenf.com/index.xml,http://stevenf.com/index.xml,45.56.93.53,true,2002-04-24 00:55:48 UTC,2020-04-09 12:38:09 UTC,stevenf.com,,,,,,
http://mobilitywod.blogspot.com/,http://mobilitywod.blogspot.com/feeds/posts/default,http://mobilitywod.blogspot.com/feeds/posts/default,142.250.64.97,true,2000-07-31 00:00:00 -0700,2019-06-29 02:36:23 -0700,MobilityWod,http://mobilitywod.blogspot.com/,"Every human being should be able to perform basic maintenance on themselves.  You know what to eat, how to train, and what to do if you have a cut; you should also know how to fix  your  tight hips, painful knees, and stiff shoulders, and how to make yourself faster and more powerful.  It's too much to mobilize everything, all the time, everyday.  Start somewhere. The Mobility Wod should take you four to 10 minutes to complete.  Do it everyday. Remember the areas that feel like a Shaman's Blow.",Blogger,25,2011-02-11 06:53:00 UTC,2011-03-09 05:29:00 UTC
,http://www.sachadumain.com/feed/,http://www.sachadumain.com/feed/,217.160.0.131,true,2009-11-21 15:09:33 UTC,2019-11-22 08:29:16 UTC,Sacha Dumain,http://sachadumain.com,,https://wordpress.org/?v=5.3.4,0,,
https://blog.xkcd.com,http://blag.xkcd.com/feed/,http://blag.xkcd.com/feed/,192.0.78.13,true,2003-01-26 02:25:10 UTC,,xkcd,https://blog.xkcd.com,The blag of the webcomic,http://wordpress.com/,10,2015-11-24 20:12:54 UTC,2019-09-25 18:33:37 UTC
http://blog.heroku.com,http://feeds2.feedburner.com/heroku,http://feeds2.feedburner.com/heroku,3.220.228.61,true,2007-06-14 18:45:57 -0700,2020-02-11 18:44:04 -0800,Heroku,http://blog.heroku.com,The Heroku Blog,,20,2020-01-14 21:30:00 UTC,2020-06-24 15:30:00 UTC
https://www.flickr.com/photos/combray/,http://api.flickr.com/services/feeds/photos_public.gne?id=15834021@N00&lang=en-us&format=rss_200,http://api.flickr.com/services/feeds/photos_public.gne?id=15834021@N00&lang=en-us&format=rss_200,13.225.70.230,true,2003-11-21 23:49:51 -0800,2019-03-26 20:29:23 -0700,Photos from combray,https://www.flickr.com/photos/combray/,,Flickr,20,2008-10-15 16:46:44 UTC,2009-11-05 15:26:51 UTC
http://blog.benchcoach.com,http://feeds.feedburner.com/CommentsForBenchcoach,http://feeds.feedburner.com/CommentsForBenchcoach,172.217.12.206,true,,,Comments for Benchcoach,http://blog.benchcoach.com,Taking The Luck Out Of Fantasy Sports,http://wordpress.org/?v=3.0.1,5,2010-01-07 17:08:37 UTC,2010-05-12 18:28:05 UTC
https://nadiaeghbal.com/,https://nadiaeghbal.com/feed.xml,https://nadiaeghbal.com/feed.xml,185.199.111.153,true,2013-07-10 20:05:50 UTC,2020-06-26 03:29:30 UTC,Nadia Eghbal,https://nadiaeghbal.com/,"Personal writing, links, and other things by Nadia Eghbal.",Jekyll,10,2019-01-25 00:00:00 UTC,2019-11-15 00:00:00 UTC
https://drewdevault.com,https://drewdevault.com/feed.xml,https://drewdevault.com/feed.xml,173.195.146.137,true,2010-03-13 18:45:51 UTC,2020-02-12 16:15:33 UTC,Drew DeVault's Blog,https://drewdevault.com,"I write software. Occasionally, I will compose a post for this blog.",,10,2020-04-15 00:00:00 UTC,2020-06-21 00:00:00 UTC
http://www.fimoculous.com/,http://www.fimoculous.com/rss/rss.xml,http://www.fimoculous.com/rss/rss.xml,208.112.69.177,true,2000-06-11 21:29:09 UTC,2019-05-06 04:30:58 UTC,Fimoculous.com,http://www.fimoculous.com/,Feeding On Itself,,2,2016-04-19 06:00:00 UTC,2018-03-03 06:00:00 UTC
https://www.jwz.org/blog/,http://www.jwz.org/blog/feed/,http://www.jwz.org/blog/feed/,13.225.64.24,true,1998-08-03 04:00:00 UTC,2020-05-04 15:02:36 UTC,jwz,https://www.jwz.org/blog/,,,30,2020-06-03 09:06:40 UTC,2020-06-25 17:32:06 UTC
http://inventory.getlamp.com,http://inventory.getlamp.com/?feed=rss2,http://inventory.getlamp.com/?feed=rss2,173.236.180.251,true,2002-05-19 07:14:25 UTC,2017-04-06 01:28:47 UTC,Taking Inventory,,,,,,
http://nat.org/blog,http://www.nat.org/rss.xml,http://www.nat.org/rss.xml,52.4.38.70,true,1998-07-07 04:00:00 UTC,2019-11-23 07:09:16 UTC,nat friedman,,,,,,
https://ensanguination.tumblr.com/,http://ensanguination.tumblr.com/rss,http://ensanguination.tumblr.com/rss,74.114.154.18,true,2006-06-08 15:11:40 -0700,2019-12-19 10:21:17 -0800,ensanguination,https://ensanguination.tumblr.com/,,Tumblr (3.0; @ensanguination),0,,
https://peterattiamd.com,https://peterattiamd.com/feed/,https://peterattiamd.com/feed/,104.24.113.91,true,2013-07-08 20:23:40 UTC,,Peter Attia,https://peterattiamd.com,,https://wordpress.org/?v=5.3.4,10,2020-05-11 09:45:17 UTC,2020-06-22 09:45:12 UTC
http://verynicewebsite.net,http://verynicewebsite.net/feed/,http://verynicewebsite.net/feed/,69.163.219.195,true,2012-03-22 15:14:18 UTC,2020-02-21 07:29:33 UTC,John Moltz's Very Nice Web Site,http://verynicewebsite.net,,WordPress,10,2020-05-14 19:05:04 UTC,2020-06-19 17:31:24 UTC
http://www.steudel.org/blog,http://feeds.feedburner.com/AdventuresInLife,http://feeds.feedburner.com/AdventuresInLife,172.217.10.14,true,2003-12-01 22:10:05 -0800,2019-10-31 02:35:58 -0700,Adventures in ... Life,,,,,,
http://gilesdickerson.com,http://gilesdickerson.com/feed/,http://gilesdickerson.com/feed/,50.87.150.162,true,2009-06-11 16:37:36 UTC,2020-06-12 07:36:45 UTC,RSS 2.0,http://gilesdickerson.com,Listen to the music as well as the lyrics and the truth will reveal itself to you.,https://wordpress.org/?v=5.1.6,10,2015-03-13 15:37:09 UTC,2018-03-23 20:39:37 UTC
https://nplusonemag.com,http://nplusonemag.com/?q=rss.xml,http://nplusonemag.com/?q=rss.xml,35.237.210.130,true,2004-03-01 14:19:41 UTC,2020-02-26 16:26:46 UTC,n+1 -,https://nplusonemag.com,"n+1 is a print and digital magazine of literature, culture, and politics.",https://wordpress.org/?v=4.3.24,200,2019-05-02 15:59:31 UTC,2020-06-25 14:52:44 UTC
http://www.phdcomics.com,http://www.phdcomics.com/gradfeed.php,http://www.phdcomics.com/gradfeed.php,69.163.200.141,true,2002-06-04 06:04:24 -0400,2020-05-06 05:21:35 -0400,PHD Comics,http://www.phdcomics.com,Providing global up-to-the-minute procrastination!,PHP/,5,2019-11-25 01:50:31 UTC,2020-03-20 09:33:14 UTC
https://blog.ipfs.io/,https://ipfs.io/blog/index.xml,https://ipfs.io/blog/index.xml,209.94.78.1,true,2014-05-16 18:34:42 UTC,2020-01-19 07:57:23 UTC,IPFS Blog,,,,,,
http://natfriedman.tumblr.com/,http://safari.nat.org/rss,http://safari.nat.org/rss,,,,,Nat Friedman's Travels,,,,,,
https://www.swiss-miss.com,http://www.swiss-miss.com/feed,http://www.swiss-miss.com/feed,104.28.4.94,true,2004-03-05 23:57:42 UTC,2015-12-15 21:36:13 UTC,swissmiss,https://www.swiss-miss.com,"swissmiss is a design blog and studio run by Tina Roth Eisenberg, a 'swiss designer gone NYC'.",https://wordpress.org/?v=4.9.9,40,2020-05-26 11:20:36 UTC,2020-06-19 12:46:11 UTC
https://metajack.im/,http://feeds.feedburner.com/metajack,http://feeds.feedburner.com/metajack,,,,,metajack.im,,,,,,
http://ascii.textfiles.com,http://ascii.textfiles.com/atom.xml,http://ascii.textfiles.com/atom.xml,204.109.60.27,true,1998-10-08 04:00:00 UTC,2019-10-07 17:33:29 UTC,ASCII by Jason Scott,http://ascii.textfiles.com,Jason Scott's Weblog,https://wordpress.org/?v=5.4.2,20,2016-09-08 04:54:35 UTC,2018-01-24 04:01:05 UTC
http://menwholooklikeoldlesbians.blogspot.com/,http://menwholooklikeoldlesbians.blogspot.com/feeds/posts/default,http://menwholooklikeoldlesbians.blogspot.com/feeds/posts/default,172.217.12.161,true,2000-07-31 00:00:00 -0700,2019-06-29 02:36:23 -0700,men who look like old lesbians,http://menwholooklikeoldlesbians.blogspot.com/,,Blogger,25,2009-08-19 17:58:00 UTC,2010-03-23 22:51:00 UTC
https://99percentinvisible.org,http://feeds.feedburner.com/99pi,http://feeds.feedburner.com/99pi,172.67.186.136,true,2010-05-04 02:47:39 UTC,2019-05-04 13:30:15 UTC,99% Invisible,,,,,,
,http://sunlightindarkcorners.blogspot.com/feeds/posts/default,http://sunlightindarkcorners.blogspot.com/feeds/posts/default,172.217.12.129,true,2000-07-31 00:00:00 -0700,2019-06-29 02:36:23 -0700,Sunlight in Dark Corners,,,,,,
https://blog.folknology.com/2008/05/31/reactored-my-packet-based-future-finally-emerges/,http://blog.folknology.com/2008/05/31/reactored-my-packet-based-future-finally-emerges/feed/,http://blog.folknology.com/2008/05/31/reactored-my-packet-based-future-finally-emerges/feed/,,,,,"Comments on: Reactored, my packet based future finally emerges",,,,,,
https://the-talks.com,http://the-talks.com/feed,http://the-talks.com/feed,85.13.162.240,true,2010-12-20 16:20:03 UTC,2019-12-21 08:27:43 UTC,The Talks,https://the-talks.com,"Interviews with figures from pop culture: fashion, film, art, music.",,25,2020-01-08 12:18:52 UTC,2020-06-24 10:53:54 UTC
http://robinreed.blogspot.com/,http://robinreed.blogspot.com/feeds/posts/default,http://robinreed.blogspot.com/feeds/posts/default,142.250.64.97,true,2000-07-31 00:00:00 -0700,2019-06-29 02:36:23 -0700,oh.  you again.,http://robinreed.blogspot.com/,Random bits from an actor/ writer/ VO artist living in Brooklyn.,Blogger,25,2010-02-10 14:25:00 UTC,2010-12-28 15:14:00 UTC
http://www.openculture.com,http://www.openculture.com/feed,http://www.openculture.com/feed,18.204.45.111,true,2004-01-05 19:19:27 UTC,,Open Culture,http://www.openculture.com,The best free cultural & educational media on the web,https://wordpress.org/?v=5.4.2,15,2020-06-23 03:00:20 UTC,2020-06-26 11:00:36 UTC
https://frantic.im/,http://frantic.im/feed.xml,http://frantic.im/feed.xml,,,,,frantic.im,,,,,,
https://schenkc.tumblr.com/,http://schenkc.tumblr.com/rss,http://schenkc.tumblr.com/rss,74.114.154.22,true,2006-06-08 15:11:40 -0700,2019-12-19 10:21:17 -0800,A collection of axioms,https://schenkc.tumblr.com/,Another App Academy blog,Tumblr (3.0; @schenkc),20,2014-04-10 12:11:38 UTC,2014-05-28 16:45:07 UTC
https://zedshaw.com,http://www.zedshaw.com/feed.atom,http://www.zedshaw.com/feed.atom,95.216.45.211,true,2003-04-12 22:09:09 UTC,2020-03-25 21:54:01 UTC,ZedShaw.com,https://zedshaw.com/,My personal blog of essays.,LJSTHW Custom Generator,1,2020-06-22 04:00:00 UTC,2020-06-22 04:00:00 UTC
https://slaughterhouse90210.tumblr.com/,http://slaughterhouse90210.tumblr.com/rss,http://slaughterhouse90210.tumblr.com/rss,74.114.154.18,true,2006-06-08 15:11:40 -0700,2019-12-19 10:21:17 -0800,Slaughterhouse 90210,https://slaughterhouse90210.tumblr.com/,"Kurt Vonnegut, meet Brenda Walsh.
slaughterhouse90210@gmail.com BUY THE BOOK!",Tumblr (3.0; @slaughterhouse90210),20,2016-01-19 15:39:34 UTC,2018-01-30 15:04:53 UTC
,http://www.imakethings.com/feed/,http://www.imakethings.com/feed/,66.6.44.4,true,2004-10-31 23:12:50 UTC,2019-09-30 07:20:06 UTC,I Make Things,,,,,,
http://steve-yegge.blogspot.com/,http://steve-yegge.blogspot.com/feeds/posts/default,http://steve-yegge.blogspot.com/feeds/posts/default,172.217.12.193,true,2000-07-31 00:00:00 -0700,2019-06-29 02:36:23 -0700,Stevey's Blog Rants,http://steve-yegge.blogspot.com/,Random whining and stuff.,Blogger,25,2008-04-28 11:01:00 UTC,2018-01-24 05:38:00 UTC
http://hydraraptor.blogspot.com/,http://hydraraptor.blogspot.com/feeds/posts/default,http://hydraraptor.blogspot.com/feeds/posts/default,142.250.64.97,true,2000-07-31 00:00:00 -0700,2019-06-29 02:36:23 -0700,HydraRaptor,http://hydraraptor.blogspot.com/,My attempts to make a rapid prototyping machine that I will use to make parts for a machine that will be able to make parts for a copy of itself.,Blogger,25,2014-06-13 00:42:00 UTC,2019-06-13 10:10:00 UTC
,http://blog.phiffer.org/rss,http://blog.phiffer.org/rss,,,,,Dan Phiffer,,,,,,
http://godelescherbach.tumblr.com/,http://godelescherbach.tumblr.com/rss,http://godelescherbach.tumblr.com/rss,74.114.154.22,true,,,"G√∂del, Escher, Bach",,,,,,
https://codex.happyfuncorp.com?source=rss----4380964deb1e---4,http://codex.happyfuncorp.com/rss,http://codex.happyfuncorp.com/rss,52.1.119.170,true,2010-10-27 19:39:32 UTC,2019-10-12 12:39:11 UTC,HappyFunCorp Codex - Medium,https://codex.happyfuncorp.com?source=rss----4380964deb1e---4,We design and build software for startups and enterprise - Medium,Medium,10,2019-12-20 20:38:42 UTC,2020-04-11 12:31:00 UTC
https://travelpliu.wordpress.com,http://travelpliu.wordpress.com/feed/,http://travelpliu.wordpress.com/feed/,192.0.78.13,true,2000-03-03 04:13:23 -0800,2020-02-01 02:18:28 -0800,travelpliu,https://travelpliu.wordpress.com,Morgan and Crissy at Large and At Home,http://wordpress.com/,10,2010-04-11 08:51:48 UTC,2012-06-20 21:12:18 UTC
http://erlangexamples.com,http://erlangexamples.com/feed/,http://erlangexamples.com/feed/,204.44.192.40,true,2009-02-21 14:43:16 UTC,,Erlang Examples,http://erlangexamples.com,Diving into Erlang World,https://wordpress.org/?v=5.3.3,10,2009-03-09 09:23:58 UTC,2010-04-30 15:36:34 UTC
https://staltz.com/,https://staltz.com/feed.xml,https://staltz.com/feed.xml,104.198.14.52,true,2013-07-20 08:42:56 UTC,,Andr√© Staltz,https://staltz.com/,Open Source Freelancer,Jekyll,10,2018-06-03 21:00:00 UTC,2019-06-12 21:00:00 UTC
https://bestofwikipedia.tumblr.com/,http://bestofwikipedia.tumblr.com/rss,http://bestofwikipedia.tumblr.com/rss,74.114.154.22,true,2006-06-08 15:11:40 -0700,2019-12-19 10:21:17 -0800,Best of Wikipedia,https://bestofwikipedia.tumblr.com/,"A twice-daily updated collection of some of the best reading on Wikipedia.

Follow @bestofwikipedia to get the links pushed directly to your Twitter client and to submit articles.

Logo by @a_lo.

Created by @avinashv

and maintained by @knitmeapony.",Tumblr (3.0; @bestofwikipedia),20,2011-07-14 10:00:06 UTC,2011-07-25 23:46:05 UTC
,https://www.inthemesh.com/wp-json/oembed/1.0/embed?url=https%3A%2F%2Fwww.inthemesh.com%2F,https://www.inthemesh.com/wp-json/oembed/1.0/embed?url=https%3A%2F%2Fwww.inthemesh.com%2F,172.67.176.242,true,2017-09-19 04:55:34 UTC,2019-08-20 12:31:19 UTC,,,,,,,
http://thecodelesscode.com,http://thecodelesscode.com/rss,http://thecodelesscode.com/rss,66.39.27.16,true,2011-01-23 15:36:49 UTC,2018-10-13 16:25:07 UTC,The Codeless Code,http://thecodelesscode.com,"K≈çans for the Software Engineer -- An illustrated collection of (sometimes violent) fables, concerning the Art and Philosophy of software development.",,15,2016-01-18 05:00:00 UTC,2016-07-10 04:00:00 UTC
http://yarivsblog.com,http://yarivsblog.com/feed/,http://yarivsblog.com/feed/,66.23.193.63,true,2006-04-29 21:03:10 UTC,2020-03-20 20:02:45 UTC,Yariv's Blog,,,,,,
https://vas3k.com/rss/,http://vas3k.com/rss/,http://vas3k.com/rss/,104.18.51.221,true,2018-01-16 22:20:30 UTC,2020-06-06 15:36:47 UTC,vas3k.com,https://vas3k.com/rss/,vas3k.com,,11,2017-11-07 22:47:31 UTC,2020-06-05 12:16:47 UTC
,http://whywhywhywhywhy.com/feed/,http://whywhywhywhywhy.com/feed/,69.163.216.160,true,2008-01-03 21:17:00 UTC,2019-12-03 08:43:33 UTC,Five Whys,,,,,,
https://www.startup-marketing.com,http://startup-marketing.com/feed/,http://startup-marketing.com/feed/,199.16.173.170,true,2007-09-27 18:00:40 UTC,,Startup Marketing Blog - By Sean Ellis,https://www.startup-marketing.com,Unlocking Startup Growth,,10,2012-10-05 18:37:19 UTC,2017-01-10 18:55:27 UTC
,http://blog.gorillalogic.com/?feed=rss2,http://blog.gorillalogic.com/?feed=rss2,104.17.115.180,true,2002-08-01 21:27:47 UTC,2019-04-22 21:27:03 UTC,Gorilla Logic Blogs,,,,,,
http://www.shiffman.net,http://www.shiffman.net/feed/,http://www.shiffman.net/feed/,185.199.111.153,true,1998-06-23 04:00:00 UTC,2020-06-22 07:34:52 UTC,daniel shiffman,,,,,,
http://ascii.textfiles.com,http://ascii.textfiles.com/comments/feed,http://ascii.textfiles.com/comments/feed,204.109.60.27,true,1998-10-08 04:00:00 UTC,2019-10-07 17:33:29 UTC,Comments for ASCII by Jason Scott,http://ascii.textfiles.com,Jason Scott's Weblog,https://wordpress.org/?v=5.4.2,20,2016-09-08 04:54:35 UTC,2018-01-24 04:01:05 UTC
,http://project.ioni.st/syndicate/rss.xml,http://project.ioni.st/syndicate/rss.xml,174.143.214.153,true,2005-07-04 00:00:00 -0400,2018-07-11 00:00:00 -0400,Projectionist,,,,,,
http://documentary.textfiles.com,http://documentary.textfiles.com/?feed=rss2,http://documentary.textfiles.com/?feed=rss2,205.196.214.55,true,1998-10-08 04:00:00 UTC,2019-10-07 17:33:29 UTC,Jason Scott Documentaries,,,,,,
,http://www.loudthinking.com/index.rdf,http://www.loudthinking.com/index.rdf,,,,,Loud Thinking,,,,,,
,http://plutocraticpunksstealsun.blogspot.com/feeds/posts/default,http://plutocraticpunksstealsun.blogspot.com/feeds/posts/default,142.250.64.97,true,2000-07-31 00:00:00 -0700,2019-06-29 02:36:23 -0700,Plutocratic Punks Steal the Sun,,,,,,
http://shortlogic.tumblr.com/,http://shortlogic.tumblr.com/rss,http://shortlogic.tumblr.com/rss,74.114.154.22,true,,,Short logic,,,,,,
http://thomasbacklund.com,http://thomasbacklund.com/?feed=rss2,http://thomasbacklund.com/?feed=rss2,45.77.224.188,true,2007-08-03 21:26:21 -0400,2020-05-31 10:01:42 -0400,Thomas Backlund,,,,,,
https://shetravels.org,http://shetravels.org/rss,http://shetravels.org/rss,192.0.78.25,true,2010-07-18 00:59:02 UTC,2019-07-18 01:26:45 UTC,She Travels,https://shetravels.org,,http://wordpress.com/,10,2010-08-18 06:22:00 UTC,2011-03-02 12:55:42 UTC
https://stephenfry.com,http://stephenfry.com/blog/?feed=rss2,http://stephenfry.com/blog/?feed=rss2,80.87.129.167,true,2002-06-11 12:35:23 UTC,2020-05-28 13:24:26 UTC,Stephen Fry,https://stephenfry.com,The Old Friary,https://wordpress.org/?v=4.4.2,10,2015-01-10 14:26:24 UTC,2018-02-23 11:28:03 UTC
http://www.makenyc.org,http://www.makenyc.org/?feed=rss2,http://www.makenyc.org/?feed=rss2,211.18.227.98,true,2017-11-07 14:30:16 UTC,2019-10-18 06:13:21 UTC,Make:NYC,,,,,,
http://strangeharvest.com,http://www.strangeharvest.com/index.rdf,http://www.strangeharvest.com/index.rdf,64.29.151.221,true,2000-02-24 12:49:33 UTC,2020-02-25 00:10:52 UTC,Strange Harvest,,,,,,
https://blog.okcupid.com,http://blog.okcupid.com/index.php/feed/,http://blog.okcupid.com/index.php/feed/,52.6.3.192,true,2003-03-12 04:50:24 -0800,2020-05-01 02:27:05 -0700,OkTrends,https://theblog.okcupid.com?source=rss----2cd59e7d4ed1---4,"Reflections on dating culture, told through data, stories and humor - Medium",Medium,10,2018-03-14 14:49:06 UTC,2020-06-11 13:08:19 UTC
https://waxy.org,http://waxy.org/index.rdf,http://waxy.org/index.rdf,104.24.124.76,true,2000-06-02 18:47:34 UTC,2020-05-03 06:15:49 UTC,Waxy.org,https://waxy.org,Andy Baio lives here,https://wordpress.org/?v=5.4.2,50,2020-06-01 20:52:33 UTC,2020-06-26 01:33:47 UTC
http://courtneyandarthur.blogspot.com/,http://courtneyandarthur.blogspot.com/feeds/posts/default,http://courtneyandarthur.blogspot.com/feeds/posts/default,142.250.64.97,true,2000-07-31 00:00:00 -0700,2019-06-29 02:36:23 -0700,The Adventures of Courtney and Arthur,http://courtneyandarthur.blogspot.com/,,Blogger,25,2010-04-18 18:49:00 UTC,2011-04-04 11:40:00 UTC
,http://wilshipley.com/blog/feed.xml,http://wilshipley.com/blog/feed.xml,216.239.32.21,true,2005-02-19 17:56:32 UTC,2020-01-09 00:43:15 UTC,Call Me Fishmeal.,,,,,,
http://pipes.yahoo.com/pipes/pipe.info?_id=ed5d0448a663b3bb5c22cafea4c13d1a,http://feeds.feedburner.com/CSS-TricksSnippets,http://feeds.feedburner.com/CSS-TricksSnippets,172.217.11.46,true,2003-12-01 22:10:05 -0800,2019-10-31 02:35:58 -0700,CSS-Tricks Snippet Feed,http://pipes.yahoo.com/pipes/pipe.info?_id=ed5d0448a663b3bb5c22cafea4c13d1a,Pipes Output,http://pipes.yahoo.com/pipes/,40,2010-08-06 03:17:13 UTC,2015-09-25 14:03:43 UTC
http://www.personal.psu.edu/kxm/blogs/LibertyRoad/,http://www.personal.psu.edu/kxm/blogs/LibertyRoad/index.xml,http://www.personal.psu.edu/kxm/blogs/LibertyRoad/index.xml,146.186.15.14,true,1986-07-14 00:00:00 -0400,2019-11-07 00:00:00 -0500,LibertyRoad,http://www.personal.psu.edu/kxm/blogs/LibertyRoad/,,http://www.sixapart.com/movabletype/,15,2008-03-03 13:46:07 UTC,2010-05-21 11:27:00 UTC
https://bestoflife.tumblr.com/,http://bestoflife.tumblr.com/rss,http://bestoflife.tumblr.com/rss,74.114.154.18,true,2006-06-08 15:11:40 -0700,2019-12-19 10:21:17 -0800,The Best of LIFE,https://bestoflife.tumblr.com/,Dedicated to finding the best of the LIFE Photo Archive and Flickr Commons.,Tumblr (3.0; @bestoflife),20,2009-11-24 15:21:45 UTC,2010-01-12 21:11:43 UTC
https://leahneukirchen.org/trivium/,http://chneukirchen.org/trivium/index.atom,http://chneukirchen.org/trivium/index.atom,217.10.14.234,true,2019-02-26 14:35:26 UTC,2020-02-25 14:56:35 UTC,Trivium,https://leahneukirchen.org/trivium/,,trivium.rb,20,2019-07-14 17:30:25 UTC,2020-06-14 19:29:14 UTC
https://sublimeguile.com/,http://sublimeguile.com/rss,http://sublimeguile.com/rss,66.6.44.4,true,2000-09-13 14:39:11 UTC,2019-08-29 14:01:06 UTC,sublimeguile,https://sublimeguile.com/,,Tumblr (3.0; @combray),20,2017-09-29 17:09:53 UTC,2019-07-29 15:46:51 UTC
http://thebrief.io,http://thebrief.io/atom.xml,http://thebrief.io/atom.xml,172.67.189.123,true,2018-12-20 09:21:28 UTC,2020-01-15 09:05:03 UTC,The Brief,,,,,,
https://blog.ayjay.org,https://blog.ayjay.org/feed/,https://blog.ayjay.org/feed/,192.241.132.143,true,2013-09-24 12:33:23 UTC,2019-08-30 15:06:03 UTC,Snakes and Ladders,https://blog.ayjay.org,by Alan Jacobs,https://wordpress.org/?v=5.4.2,10,2020-06-11 15:35:09 UTC,2020-06-23 13:20:29 UTC
http://too.blogspot.com/,http://too.blogspot.com/feeds/posts/default,http://too.blogspot.com/feeds/posts/default,172.217.12.193,true,2000-07-31 00:00:00 -0700,2019-06-29 02:36:23 -0700,too,http://too.blogspot.com/,,Blogger,5,2008-09-18 19:00:00 UTC,2010-01-21 19:55:00 UTC
http://bestof.metafilter.com/,http://feeds.feedburner.com/BestOfMetafilter,http://feeds.feedburner.com/BestOfMetafilter,172.217.11.46,true,2003-12-01 22:10:05 -0800,2019-10-31 02:35:58 -0700,Best of MetaFilter,http://bestof.metafilter.com/,Highlighting the best bits from the MetaFilter universe,,22,2020-02-04 15:59:12 UTC,2020-06-22 16:40:22 UTC
https://solarpunks.net/,https://solarpunks.net/rss,https://solarpunks.net/rss,66.6.44.4,true,2017-02-20 19:52:23 -0500,2020-02-19 10:41:41 -0500,SOLARPUNKS,https://solarpunks.net/,"At once a vision of the future, a thoughtful provocation, and an achievable lifestyle. In progress‚Ä¶",Tumblr (3.0; @solarpunks),20,2020-02-12 11:36:15 UTC,2020-06-24 15:45:22 UTC
https://changelog.com/,http://thechangelog.com/rss,http://thechangelog.com/rss,69.164.223.100,true,2002-06-06 02:42:40 -0400,2019-04-07 06:07:07 -0400,The Changelog - Open Source moves fast. Keep up.,https://changelog.com/,News and podcasts for developers,,13,2020-06-23 14:20:00 UTC,2020-06-25 19:00:00 UTC
http://www.paulgraham.com,http://joegrossberg.com/paulgraham.rss,http://joegrossberg.com/paulgraham.rss,208.113.153.200,true,2003-01-13 13:47:34 UTC,2019-12-13 08:21:32 UTC,Paul Graham: Unofficial RSS Feed,http://www.paulgraham.com,Articles by Paul Graham,,49,2010-07-06 19:39:47 UTC,2020-02-21 19:17:47 UTC
https://lethain.com/,http://lethain.com/feeds/all/,http://lethain.com/feeds/all/,35.184.110.198,true,2007-06-22 18:33:11 UTC,2020-02-15 18:52:32 UTC,Irrational Exuberance,https://lethain.com/,,,5,2020-06-14 13:00:00 UTC,2020-06-23 16:00:00 UTC
http://www.flight404.com/blog,http://www.flight404.com/blog/?feed=rss2,http://www.flight404.com/blog/?feed=rss2,216.239.138.117,true,2000-04-10 22:35:55 UTC,2020-04-29 23:02:34 UTC,all manner of distractions,,,,,,
http://stu-stern.blogspot.com/,http://stu-stern.blogspot.com/feeds/posts/default,http://stu-stern.blogspot.com/feeds/posts/default,172.217.12.161,true,2000-07-31 00:00:00 -0700,2019-06-29 02:36:23 -0700,Big Gorilla,http://stu-stern.blogspot.com/,Thoughts about the art and business of programming,Blogger,25,2011-02-08 17:53:00 UTC,2013-02-07 02:40:00 UTC
http://michaelnielsen.org/blog,http://michaelnielsen.org/blog/?feed=rss2,http://michaelnielsen.org/blog/?feed=rss2,64.90.49.117,true,2007-08-02 15:47:08 UTC,2019-06-05 19:59:55 UTC,Michael Nielsen,http://michaelnielsen.org/blog,,https://wordpress.org/?v=4.8.14,10,2011-10-31 16:46:31 UTC,2017-04-09 04:50:32 UTC
http://www.glacialwanderer.com/hobbyrobotics,http://www.glacialwanderer.com/hobbyrobotics/?feed=rss2,http://www.glacialwanderer.com/hobbyrobotics/?feed=rss2,69.163.160.177,true,2005-08-04 19:03:02 UTC,2018-10-01 14:25:58 UTC,Hobby Robotics,http://www.glacialwanderer.com/hobbyrobotics,Dedicated to all those mad scientists in the world,https://wordpress.org/?v=4.9.3,5,2011-02-06 20:25:02 UTC,2011-08-13 13:51:49 UTC
http://www.jroller.com/rickard/,http://www.jroller.com/rss/rickard,http://www.jroller.com/rss/rickard,,,,,Random thoughts,,,,,,
http://lambda-the-ultimate.org,http://lambda-the-ultimate.org/node/feed,http://lambda-the-ultimate.org/node/feed,35.169.45.228,true,2004-06-15 21:50:21 UTC,2020-06-13 18:48:17 UTC,Lambda the Ultimate - Programming Languages Weblog,http://lambda-the-ultimate.org,"Programming languages news, articles and discussion",,15,2018-07-12 17:15:46 UTC,2020-04-13 14:38:12 UTC
http://pictureyear.blogspot.com/,http://pictureyear.blogspot.com/feeds/posts/default,http://pictureyear.blogspot.com/feeds/posts/default,172.217.11.33,true,2000-07-31 00:00:00 -0700,2019-06-29 02:36:23 -0700,The Year in Pictures,http://pictureyear.blogspot.com/,,Blogger,25,2011-10-30 16:20:00 UTC,2013-02-28 13:22:00 UTC
https://reprap.soup.io/,http://reprap.soup.io/rss,http://reprap.soup.io/rss,45.153.143.247,true,2007-08-07 00:49:34 UTC,2019-10-18 09:37:28 UTC,MetaRepRap Soup,https://reprap.soup.io/,Research blog documenting the progress of the RepRap activities at Metalab sponsored by Wien Kultur (MA7) var gaJsHost = ((&quot;https:&quot; == document.location.protocol) ? &quot;https://ssl.&quot; : &quot;http://www.&quot;); document.write(unescape(&quot;%3Cscript src=&#39;&quot; + gaJsHost + &quot;google-analytics.com/ga.js&#39; type=&#39;text/javascript&#39;%3E%3C/script%3E&quot;)); try { var pageTracker = _gat._getTracker(&quot;UA-924003-4&quot;); pageTracker._trackPageview(); } catch(err) {},,38,2014-10-02 14:37:47 UTC,2019-07-14 14:57:14 UTC
http://davidbyrne.com/,http://journal.davidbyrne.com/atom.xml,http://journal.davidbyrne.com/atom.xml,64.207.180.239,true,1998-08-03 04:00:00 UTC,2018-06-03 08:25:16 UTC,David Byrne Journal,,,,,,
http://www.mon-classement.com,http://ivarblog.com/feed/,http://ivarblog.com/feed/,185.139.154.65,true,2017-11-20 19:43:57 UTC,2019-11-10 00:01:20 UTC,(title unknown),http://mon-classement.com,Votre condens√© de culture publicitaire.,https://wordpress.org/?v=4.7.18,10,2018-01-12 10:17:07 UTC,2019-03-08 16:47:53 UTC
https://sunnybains.typepad.com/blog/,http://sunnybains.typepad.com/blog/atom.xml,http://sunnybains.typepad.com/blog/atom.xml,104.18.139.190,true,2003-03-31 22:27:18 UTC,2020-03-02 04:47:20 UTC,Brains and Machines,https://sunnybains.typepad.com/blog/,"Sunny Bains writes about intelligent hardware, augmenting/understanding human perception, and related cool technology",TypePad,5,2009-08-27 14:43:43 UTC,2017-05-19 11:56:34 UTC
http://idlewords.com,http://www.idlewords.com/index.xml,http://www.idlewords.com/index.xml,107.181.87.8,true,2000-06-30 05:40:57 UTC,2020-04-27 06:53:58 UTC,Idle Words,http://idlewords.com,Brevity is for the weak,,10,2019-07-08 13:24:00 UTC,2020-06-24 13:30:00 UTC
http://avinashv.net,http://avinashv.net/feed/,http://avinashv.net/feed/,34.102.136.180,true,2005-09-22 02:10:30 UTC,,avinash.vora,,,,,,
https://randsinrepose.com,http://www.randsinrepose.com/index.xml,http://www.randsinrepose.com/index.xml,104.28.3.21,true,2003-08-14 23:20:03 UTC,2019-04-13 17:39:40 UTC,Rands In Repose,https://randsinrepose.com,,https://wordpress.org/?v=5.4.2,10,2020-03-29 20:16:22 UTC,2020-06-21 16:38:27 UTC
http://www.flylogic.net/blog,http://www.flylogic.net/blog/?feed=rss2,http://www.flylogic.net/blog/?feed=rss2,199.73.55.35,true,2003-12-05 20:08:57 UTC,2019-10-06 00:10:33 UTC,Flylogic Engineering's Analytical Blog,,,,,,
http://beyondabsurdity.blogspot.com/,http://beyondabsurdity.blogspot.com/feeds/posts/default,http://beyondabsurdity.blogspot.com/feeds/posts/default,172.217.12.129,true,2000-07-31 00:00:00 -0700,2019-06-29 02:36:23 -0700,Beyondabsurdity,,,,,,
http://jimneath.org,http://feeds.feedburner.com/JimNeath,http://feeds.feedburner.com/JimNeath,,,,,Jim Neath,,,,,,
http://www.sciencechannel.com,http://blogs.discovery.com/nerdabout_new_york/atom.xml,http://blogs.discovery.com/nerdabout_new_york/atom.xml,104.18.141.190,true,1993-04-20 00:00:00 UTC,2020-04-17 01:24:59 UTC,Nerdabout New York : Science Channel,,,,,,
https://kk.org/kevinkelly,http://feeds.feedburner.com/TrueFilms,http://feeds.feedburner.com/TrueFilms,172.217.10.238,true,2003-12-01 22:10:05 -0800,2019-10-31 02:35:58 -0700,True Films,,,,,,
,http://founderresearch.blogspot.com/feeds/posts/default,http://founderresearch.blogspot.com/feeds/posts/default,172.217.12.129,true,,,"Noam Wasserman's ""Founder Frustrations"" blog",,,,,,
,http://www.defmacro.org/rss/news.xml,http://www.defmacro.org/rss/news.xml,185.199.108.153,true,2006-03-07 02:41:55 UTC,2019-10-22 22:41:59 UTC,defmacro.org,,,,,,
http://infosthetics.com/,http://feeds.infosthetics.com/infosthetics,http://feeds.infosthetics.com/infosthetics,142.250.64.115,true,2005-02-21 19:45:14 UTC,2020-03-26 14:04:51 UTC,information aesthetics,http://infosthetics.com/,form follows data - data visualization & visual communication,,0,,
http://www.girlhacker.com,http://www.girlhacker.com/index.xml,http://www.girlhacker.com/index.xml,198.144.193.5,true,1999-10-20 19:18:32 -0400,2019-10-01 20:16:29 -0400,GirlHacker's Random Log,http://www.girlhacker.com,almost daily since 1999,https://wordpress.org/?v=4.6.19,10,2012-09-11 07:40:32 UTC,2014-08-11 06:17:26 UTC
http://thesartorialist.blogspot.com/,http://thesartorialist.blogspot.com/feeds/posts/default,http://thesartorialist.blogspot.com/feeds/posts/default,172.217.12.129,true,2000-07-31 00:00:00 -0700,2019-06-29 02:36:23 -0700,The Sartorialist,http://thesartorialist.blogspot.com/,,Blogger,25,2011-07-18 19:30:00 UTC,2011-08-03 17:13:00 UTC
http://glinden.blogspot.com/,http://glinden.blogspot.com/atom.xml,http://glinden.blogspot.com/atom.xml,,,,,Geeking with Greg,,,,,,
,http://www.rousette.org.uk/blog/feed/,http://www.rousette.org.uk/blog/feed/,192.81.212.192,true,2002-09-28 00:00:00 -0400,2019-09-27 00:00:00 -0400,but she's a girl...,,,,,,
http://gusmueller.com/blog/,http://gusmueller.com/blog/rss.xml,http://gusmueller.com/blog/rss.xml,192.203.228.198,true,1997-09-07 04:00:00 -0400,2019-08-27 04:25:27 -0400,"Gus's blog, adventures in Flying Meat.",https://shapeof.com/,"A website mostly about Mac stuff, written by Gus Mueller",,20,2020-06-24 17:16:13 UTC,2020-03-19 19:36:25 UTC
http://www.therailsway.com/,http://feeds.feedburner.com/TheRailsWay,http://feeds.feedburner.com/TheRailsWay,172.217.10.238,true,2003-12-01 22:10:05 -0800,2019-10-31 02:35:58 -0700,The Rails Way - all,http://www.therailsway.com/,,Mephisto Drax,15,2007-08-01 16:10:00 UTC,2009-08-03 03:53:00 UTC
https://www.igvita.com,http://www.igvita.com/feed/,http://www.igvita.com/feed/,173.230.151.99,true,2004-03-14 18:09:39 UTC,,igvita.com,https://www.igvita.com,a goal is a dream with a deadline,,10,2014-12-15 08:00:00 UTC,2016-08-26 07:00:00 UTC
,http://blog.socklabs.com/atom.xml,http://blog.socklabs.com/atom.xml,,,,,Socklabs,,,,,,
http://evhead.com/,http://www.evhead.com/atom.xml,http://www.evhead.com/atom.xml,52.4.175.111,true,1998-05-01 04:00:00 UTC,2020-04-29 21:48:54 UTC,evhead,https://evhead.com?source=rss----90d25c43c0ed---4,my blog - Medium,Medium,5,2019-12-03 03:05:30 UTC,2020-04-01 00:21:58 UTC
https://www.joelonsoftware.com,http://www.joelonsoftware.com/rss.xml,http://www.joelonsoftware.com/rss.xml,199.16.173.181,true,2000-07-29 04:00:19 UTC,2019-09-30 14:29:51 UTC,Joel on Software,https://www.joelonsoftware.com,,,10,2016-12-09 22:00:27 UTC,2020-06-18 14:12:25 UTC
https://fishbowl.pastiche.org,http://fishbowl.pastiche.org/allfull.xml,http://fishbowl.pastiche.org/allfull.xml,151.101.1.195,true,1997-04-26 04:00:00 UTC,2018-11-22 11:15:10 UTC,The Fishbowl,https://fishbowl.pastiche.org,"Charles Miller's weblog, covering software development, online culture, and whatever assorted nerdery happens to cross my path.",,15,2015-05-12 03:46:37 UTC,2020-02-09 22:04:20 UTC
http://vigorousnorth.blogspot.com/,http://vigorousnorth.blogspot.com/feeds/posts/default,http://vigorousnorth.blogspot.com/feeds/posts/default,172.217.11.33,true,2000-07-31 00:00:00 -0700,2019-06-29 02:36:23 -0700,The Vigorous North,http://vigorousnorth.blogspot.com/,A Field Guide to Inner-City Wilderness Areas.,Blogger,25,2012-08-28 21:21:00 UTC,2016-03-31 11:21:00 UTC
https://www.brainpickings.org,http://feedproxy.google.com/brainpickings/rss,http://feedproxy.google.com/brainpickings/rss,172.217.10.14,true,1997-09-15 00:00:00 -0700,2019-09-09 08:39:04 -0700,Brain Pickings,https://www.brainpickings.org,"interestingness, curated.",https://wordpress.org/?v=4.9.11,27,2012-07-28 07:00:00 UTC,2020-06-24 19:14:05 UTC
http://www.hackety.org,http://feeds.feedburner.com/HacketyOrg,http://feeds.feedburner.com/HacketyOrg,45.63.114.17,true,2012-05-22 14:30:11 UTC,2020-04-22 06:29:21 UTC,hackety org,http://www.hackety.org,,https://wordpress.org/?v=5.2.7,10,2020-01-15 08:50:21 UTC,2020-06-15 13:10:36 UTC
http://www.bigcontrarian.com,http://feeds.feedburner.com/BigContrarian,http://feeds.feedburner.com/BigContrarian,172.217.10.238,true,2003-12-01 22:10:05 -0800,2019-10-31 02:35:58 -0700,Big Contrarian,http://www.bigcontrarian.com,"is a weblog by Jack Shedd, a designer and a developer in the process of moving to Chicago, IL.",http://wordpress.org/?v=3.4.1,25,2012-07-19 05:36:08 UTC,2012-08-02 21:23:17 UTC
http://cycle-gap.blogspot.com/,http://cycle-gap.blogspot.com/feeds/posts/default,http://cycle-gap.blogspot.com/feeds/posts/default,172.217.12.129,true,2000-07-31 00:00:00 -0700,2019-06-29 02:36:23 -0700,Cycle Gap,http://cycle-gap.blogspot.com/,,Blogger,25,2008-10-25 09:11:00 UTC,2011-11-15 16:36:00 UTC
https://www.afrigadget.com,http://www.afrigadget.com/feed/,http://www.afrigadget.com/feed/,85.13.157.174,true,2005-11-21 20:37:43 UTC,,AfriGadget,,,,,,
,http://diveintomark.org/feed/,http://diveintomark.org/feed/,50.63.202.33,true,2002-01-29 15:06:11 UTC,2020-01-30 12:47:50 UTC,dive into mark,,,,,,
https://joi.ito.com/weblog/,http://joi.ito.com/atom.xml,http://joi.ito.com/atom.xml,70.32.88.74,true,1994-02-21 05:00:00 -0500,2020-01-22 06:12:13 -0500,Joi Ito's Web,https://joi.ito.com/weblog/,Joi Ito's conversation with the living web.,Movable Type Pro 6.2.4,15,2018-12-05 00:00:00 UTC,2019-08-30 08:01:00 UTC
,http://www.joeandmotorboat.com/feed/,http://www.joeandmotorboat.com/feed/,185.199.111.153,true,2007-01-21 21:06:12 UTC,2020-01-22 08:49:29 UTC,Joe's Blog!,,,,,,
http://pickingupthejar.blogspot.com/,http://pickingupthejar.blogspot.com/feeds/posts/default,http://pickingupthejar.blogspot.com/feeds/posts/default,172.217.11.1,true,2000-07-31 00:00:00 -0700,2019-06-29 02:36:23 -0700,picking up the jar,,,,,,
http://steampunkworkshop.com,http://steampunkworkshop.com/steam.xml,http://steampunkworkshop.com/steam.xml,208.113.178.142,true,2006-11-27 21:24:17 UTC,2019-10-27 07:25:41 UTC,The Steampunk Workshop,http://steampunkworkshop.com,"At the intersection of Romance and Technology, supporting the Industrial Insurrection.",,20,2018-08-26 11:58:37 UTC,2020-04-26 20:53:19 UTC
http://kasparov.skife.org/blog,http://kasparov.skife.org/blog/index.atom,http://kasparov.skife.org/blog/index.atom,13.225.64.65,true,2002-11-04 16:04:05 UTC,2019-09-22 18:46:48 UTC,Waste of Time,http://kasparov.skife.org/blog,A simple waste of time and weblog experiment,Blosxom,20,2008-04-15 05:14:00 UTC,2009-03-15 02:51:00 UTC
https://anildash.com/,http://www.dashes.com/anil/atom.xml,http://www.dashes.com/anil/atom.xml,77.83.142.48,true,2000-09-27 14:02:48 UTC,2019-09-12 12:04:16 UTC,Anil Dash,https://anildash.com/,A blog about making culture. Since 1999.,Ghost 2.38,15,2019-01-21 04:55:26 UTC,2020-06-24 15:40:28 UTC
http://www.iphoneflow.com/,http://feeds2.feedburner.com/iPhoneFlow,http://feeds2.feedburner.com/iPhoneFlow,172.217.10.14,true,2003-12-01 22:10:05 -0800,2019-10-31 02:35:58 -0700,iPhoneFlow,,,,,,
https://www.theatlantic.com/author/james-fallows/,http://jamesfallows.theatlantic.com/index.xml,http://jamesfallows.theatlantic.com/index.xml,151.101.210.133,true,1995-08-15 04:00:00 UTC,2019-01-13 08:32:18 UTC,James Fallows,https://www.theatlantic.com/,,,25,2020-06-24 20:29:08 UTC,2020-06-26 11:00:00 UTC
http://pruned.blogspot.com/,http://pruned.blogspot.com/atom.xml,http://pruned.blogspot.com/atom.xml,172.217.12.193,true,2000-07-31 00:00:00 -0700,2019-06-29 02:36:23 -0700,Pruned,http://pruned.blogspot.com/,On landscape architecture and related fields,Blogger,25,2013-02-06 16:00:00 UTC,2019-01-01 17:53:00 UTC
https://www.duncandavidson.com/,http://duncandavidson.com/feed/full.xml,http://duncandavidson.com/feed/full.xml,52.179.188.149,true,2005-12-10 05:49:52 -0500,2020-05-24 17:44:34 -0400,James Duncan Davidson,https://www.duncandavidson.com/,Posts by Duncan Davidson,,1,2020-06-24 10:00:00 UTC,2020-06-24 10:00:00 UTC
http://blog.blprnt.com,http://blog.blprnt.com/feed,http://blog.blprnt.com/feed,207.38.86.156,true,2000-06-19 23:58:06 UTC,2018-06-19 07:16:32 UTC,blprnt.blg,http://blog.blprnt.com,Data & Art Miscellanea from Jer Thorp,https://wordpress.org/?v=4.8.11,10,2012-03-28 03:29:35 UTC,2014-06-12 14:06:30 UTC
,http://monocle.com/RSS/Section/culture.xml,http://monocle.com/RSS/Section/culture.xml,52.51.125.249,true,1995-04-28 04:00:00 UTC,,Monocle - Culture,,,,,,
https://dihard.tumblr.com/,http://dihard.tumblr.com/rss,http://dihard.tumblr.com/rss,74.114.154.22,true,2006-06-08 15:11:40 -0700,2019-12-19 10:21:17 -0800,What I Learned Today,https://dihard.tumblr.com/,,Tumblr (3.0; @dihard),0,,
https://blog.longnow.org,http://feeds.feedburner.com/longnowblog,http://feeds.feedburner.com/longnowblog,,,,,Long Views,,,,,,
http://damienkatz.net/,http://damienkatz.net/rss.php,http://damienkatz.net/rss.php,216.92.45.116,true,2004-08-29 07:22:29 UTC,2017-05-05 20:32:46 UTC,Damien Katz,http://damienkatz.net,Relax. Nothing is Under Control.,https://wordpress.org/?v=4.7.5,10,2015-07-29 00:04:42 UTC,2017-05-23 16:49:55 UTC
http://www.dadhacker.com/blog,http://www.dadhacker.com/blog/?feed=rss2,http://www.dadhacker.com/blog/?feed=rss2,162.255.118.65,true,2014-03-26 18:37:19 UTC,2020-03-04 08:05:02 UTC,DadHacker,https://dadhacker-125488.ingress-alpha.easywp.com,Any sufficiently advanced technology is insufficiently documented,https://wordpress.org/?v=5.3.4,10,2016-07-12 04:17:35 UTC,2020-03-13 20:03:19 UTC
,http://leebyron.com/how/feed/,http://leebyron.com/how/feed/,185.199.111.153,true,2005-05-09 21:22:00 UTC,2020-04-10 07:28:05 UTC,Process,,,,,,
http://www.makerbot.com,http://blog.thingiverse.com/feed/,http://blog.thingiverse.com/feed/,,,,,Thingiverse Blog,,,,,,
https://todbot.com/blog,http://todbot.com/blog/feed/,http://todbot.com/blog/feed/,66.33.209.27,true,1997-04-02 05:00:00 UTC,2020-03-02 08:44:15 UTC,todbot blog,https://todbot.com/blog,"Random experiments, circuits, code, rapid prototyping, sometimes things to buy, and the odd tune by Tod E. Kurt.",https://wordpress.org/?v=5.4.2,15,2015-10-11 05:07:02 UTC,2020-04-04 22:10:00 UTC
http://bldgblog.blogspot.com/,http://bldgblog.blogspot.com/atom.xml,http://bldgblog.blogspot.com/atom.xml,207.38.86.13,true,2004-10-11 14:44:06 UTC,,BLDGBLOG,http://www.bldgblog.com,,,10,2020-05-03 17:53:56 UTC,2020-05-22 20:43:08 UTC
https://caseypugh.tumblr.com/,http://caseypugh.tumblr.com/rss,http://caseypugh.tumblr.com/rss,74.114.154.22,true,2006-06-08 15:11:40 -0700,2019-12-19 10:21:17 -0800,Casey Pugh,https://caseypugh.tumblr.com/,"I make stuff. Co-founded VHX. Created the Emmy-winning Star Wars Uncut in my spare time. INTJ. Also, meat sandwiches.
Find me on Twitter or ping me on Yahoo! Chat.",Tumblr (3.0; @caseypugh),20,2016-01-03 01:24:34 UTC,2018-01-25 19:44:47 UTC
http://www.aaronsw.com/weblog/,http://www.aaronsw.com/weblog/index.xml,http://www.aaronsw.com/weblog/index.xml,45.56.119.174,true,2000-09-29 21:51:24 -0400,2019-09-27 23:05:36 -0400,Raw Thought (from Aaron Swartz),http://www.aaronsw.com/weblog/,"""capture what you experience and sort it out; only in this way can you hope to use it to guide and test your reflection, and in the process shape yourself as an intellectual craftsman"" -- C. Wright Mills",,12,2012-08-18 15:10:26 UTC,2012-11-01 13:15:49 UTC
http://drnicwilliams.com,http://feeds.feedburner.com/DrNic,http://feeds.feedburner.com/DrNic,172.217.10.14,true,2003-12-01 22:10:05 -0800,2019-10-31 02:35:58 -0700,Dr Nic,,,,,,
https://www.thisamericanlife.org,http://feeds.thisamericanlife.org/TALUpdates,http://feeds.thisamericanlife.org/TALUpdates,172.217.10.115,true,1999-08-23 15:18:01 UTC,2020-06-24 08:58:39 UTC,This American Life Updates,,,,,,
http://davidmichael.tumblr.com/,http://davidmichael.tumblr.com/rss,http://davidmichael.tumblr.com/rss,74.114.154.18,true,2006-06-08 15:11:40 -0700,2019-12-19 10:21:17 -0800,dmichael was here in 2009,https://davidmichael.tumblr.com/,,Tumblr (3.0; @davidmichael),0,,
,http://weblog.hypotheticalabs.com/?feed=rss2,http://weblog.hypotheticalabs.com/?feed=rss2,,,,,Hypothetical Labs,,,,,,
https://www.nycresistor.com,http://nycresistor.com/feed/atom/,http://nycresistor.com/feed/atom/,104.196.173.136,true,2007-08-19 05:38:21 UTC,2019-07-19 07:25:19 UTC,NYC Resistor,https://www.nycresistor.com,"We learn, share, and make things.",https://wordpress.org/?v=5.4.2,10,2020-03-11 18:00:00 UTC,2020-05-27 17:00:00 UTC
,http://groceryguy.blogspot.com/feeds/posts/default,http://groceryguy.blogspot.com/feeds/posts/default,172.217.12.161,true,2000-07-31 00:00:00 -0700,2019-06-29 02:36:23 -0700,Grocery Guy,,,,,,
http://ai.googleblog.com/,http://googleresearch.blogspot.com/atom.xml,http://googleresearch.blogspot.com/atom.xml,172.217.11.33,true,2002-06-29 00:00:00 -0700,2020-05-28 02:35:47 -0700,Official Google Research Blog,http://ai.googleblog.com/,The latest news from Google AI.,Blogger,25,2020-04-28 17:03:00 UTC,2020-06-24 18:24:00 UTC
http://eeio.blogspot.com/,http://eeio.blogspot.com/feeds/posts/default,http://eeio.blogspot.com/feeds/posts/default,142.250.64.65,true,2000-07-31 00:00:00 -0700,2019-06-29 02:36:23 -0700,5.,http://eeio.blogspot.com/,the cityscape.  and else.  ,Blogger,25,2012-10-27 03:14:00 UTC,2017-12-12 19:59:00 UTC
,http://feeds.feedburner.com/phottleblog,http://feeds.feedburner.com/phottleblog,172.217.10.14,true,,,Phottle blog,,,,,,
https://heavenandhere.wordpress.com,http://heavenandhere.wordpress.com/feed/,http://heavenandhere.wordpress.com/feed/,192.0.78.13,true,2000-03-03 04:13:23 -0800,2020-02-01 02:18:28 -0800,Heaven and Here,https://heavenandhere.wordpress.com,"Tweedy, impertinent notes on a criminal conspiracy. We bring you critical hogwash and weird conjecture regarding HBO\'s \""The Wire.\""",http://wordpress.com/,10,2008-02-15 19:13:24 UTC,2008-03-13 16:43:09 UTC
http://exile.ru,http://www.exile.ru/exile.rss?section=20,http://www.exile.ru/exile.rss?section=20,,,,,the eXile - War Nerd,,,,,,
http://pfrazee.github.io/,https://pfrazee.github.io/feed.xml,https://pfrazee.github.io/feed.xml,185.199.109.153,true,2013-03-08 19:12:48 UTC,2020-06-16 19:39:17 UTC,Paul Frazee,http://pfrazee.github.io/,"Software, decentralization, peer-to-peer systems, and more.",Jekyll v3.8.5,10,2017-05-26 00:00:00 UTC,2019-06-06 00:00:00 UTC
https://www.vice.com/en_us/topic/tech,http://motherboard.vice.com/rss?trk_source=motherboard,http://motherboard.vice.com/rss?trk_source=motherboard,199.232.37.132,true,1997-05-28 04:00:00 UTC,2019-05-14 02:25:32 UTC,VICE US - Tech US,https://www.vice.com/en_us/topic/tech,RSS feed for https://www.vice.com/en_us/topic/tech,,10,2020-05-13 18:23:16 UTC,2020-06-25 18:46:53 UTC
http://www.michellemiller.site,http://hashtagmm.com/feed/,http://hashtagmm.com/feed/,,,,,Michelle Miller Productions,,,,,,
https://ascraeus.org/,https://ascraeus.org/index.xml,https://ascraeus.org/index.xml,51.91.103.118,true,2013-07-27 19:12:44 UTC,2019-07-06 00:35:22 UTC,View from Ascraeus,https://ascraeus.org/,,Hugo -- gohugo.io,50,2019-05-21 08:00:30 UTC,2020-04-02 20:43:00 UTC
https://whatever.scalzi.com,http://whatever.scalzi.com/feed/,http://whatever.scalzi.com/feed/,192.0.79.32,true,1998-03-04 05:00:00 UTC,2020-03-04 08:05:31 UTC,Whatever,https://whatever.scalzi.com,TIME TO REGISTER TO VOTE,http://wordpress.com/,10,2020-06-21 13:04:02 UTC,2020-06-26 09:23:26 UTC
,http://yongfook.com/rss,http://yongfook.com/rss,104.248.63.248,true,2001-09-06 17:23:14 UTC,,yongfook,,,,,,
http://www.allthingsdistributed.com/,http://www.allthingsdistributed.com/atom.xml,http://www.allthingsdistributed.com/atom.xml,13.226.36.29,true,2004-11-05 00:14:02 UTC,2019-11-05 08:46:44 UTC,All Things Distributed,http://www.allthingsdistributed.com/,,,20,2018-11-21 19:00:00 UTC,2020-04-28 08:00:00 UTC
https://evolution-institute.org,http://socialevolutionforum.com/feed/,http://socialevolutionforum.com/feed/,199.167.200.174,true,2010-04-30 02:50:56 UTC,2018-09-25 13:42:40 UTC,Comments on: Social Evolution Forum,https://evolution-institute.org,Improving quality of life by applying evolutionary science to pressing social issues.,https://wordpress.org/?v=5.4.1,10,2020-06-08 12:00:57 UTC,2020-06-25 12:00:02 UTC
https://engineering.tumblr.com/,http://engineering.tumblr.com/rss,http://engineering.tumblr.com/rss,74.114.154.22,true,2006-06-08 15:11:40 -0700,2019-12-19 10:21:17 -0800,Tumblr Engineering,https://engineering.tumblr.com/,"We, y'know, build Tumblr and stuff.",Tumblr (3.0; @engineering),20,2019-04-02 20:37:31 UTC,2020-04-16 15:50:31 UTC
http://www.azarask.in/blog,http://www.azarask.in/blog/feed/,http://www.azarask.in/blog/feed/,,,,,Aza on Design,,,,,,
http://m.ammoth.us/blog,http://m.ammoth.us/blog/feed/,http://m.ammoth.us/blog/feed/,70.40.220.60,true,,,mammoth,http://m.ammoth.us/blog,the herculez gomez of architecture blogs,https://wordpress.org/?v=4.4.23,15,2014-04-18 15:22:15 UTC,2016-10-14 19:16:27 UTC
https://lobotuerto.com/,https://lobotuerto.com/index.xml,https://lobotuerto.com/index.xml,198.58.115.215,true,2007-12-30 13:25:13 UTC,,lobo_tuerto's notes,,,,,,
https://macwright.org,https://macwright.org/rss.xml,https://macwright.org/rss.xml,104.198.14.52,true,2011-07-16 02:18:12 UTC,2020-06-14 23:27:16 UTC,macwright.org,https://macwright.org,"JavaScript, math, maps, etc",,10,2020-03-17 00:00:00 UTC,2020-06-21 00:00:00 UTC
https://phiffer.org,http://phiffer.org/feed/atom/,http://phiffer.org/feed/atom/,173.220.23.226,true,2000-05-26 22:38:58 UTC,2020-05-27 22:47:35 UTC,phiffer.org,https://phiffer.org/,Dan Phiffer posts here.,smol data,10,2018-02-10 00:23:48 UTC,2020-01-12 22:04:03 UTC
http://hucksblog.blogspot.com/,http://hucksblog.blogspot.com/feeds/posts/default,http://hucksblog.blogspot.com/feeds/posts/default,172.217.12.129,true,2000-07-31 00:00:00 -0700,2019-06-29 02:36:23 -0700,I find your lack of faith disturbing,http://hucksblog.blogspot.com/,another screenwriter blog,Blogger,25,2005-10-04 01:00:00 UTC,2010-07-21 04:33:00 UTC
https://kmyers.me,https://kmyers.me/feed/,https://kmyers.me/feed/,,,,,Keith I Myers,,,,,,
http://interconnected.org/home,http://interconnected.org/home/;rss2,http://interconnected.org/home/;rss2,178.62.88.125,true,1999-01-15 05:00:00 UTC,2020-01-23 16:25:42 UTC,Interconnected,http://interconnected.org/home,A blog by Matt Webb,,8,2020-06-04 08:16:00 UTC,2020-06-23 18:55:00 UTC
https://blog.jessfraz.com/,https://blog.jessfraz.com/index.xml,https://blog.jessfraz.com/index.xml,172.67.223.239,true,2012-09-02 21:40:49 UTC,2020-03-25 22:50:56 UTC,Ramblings from Jessie,https://blog.jessfraz.com/,Recent content on Ramblings from Jessie,Hugo -- gohugo.io,69,2011-11-30 17:16:52 UTC,2020-06-13 15:09:26 UTC
https://xenogothic.com,https://xenogothic.com/feed/,https://xenogothic.com/feed/,192.0.78.25,true,2018-09-20 19:23:45 UTC,2019-08-21 10:12:11 UTC,xenogothic,https://xenogothic.com,looking for an exit,http://wordpress.com/,10,2020-06-07 00:05:04 UTC,2020-06-25 15:34:09 UTC
https://3quarksdaily.blogs.com/3quarksdaily/,http://www.3quarksdaily.com/3quarksdaily/atom.xml,http://www.3quarksdaily.com/3quarksdaily/atom.xml,104.18.142.190,true,1999-09-10 16:08:06 UTC,2018-12-26 06:33:11 UTC,3quarksdaily,https://3quarksdaily.blogs.com/3quarksdaily/,,TypePad,25,2018-04-27 12:33:17 UTC,2018-04-29 23:29:07 UTC
http://pass-the-garum.blogspot.com/,http://pass-the-garum.blogspot.com/feeds/posts/default,http://pass-the-garum.blogspot.com/feeds/posts/default,172.217.12.161,true,2000-07-31 00:00:00 -0700,2019-06-29 02:36:23 -0700,Pass the Garum,http://pass-the-garum.blogspot.com/,Eating like the Ancients,Blogger,25,2013-03-31 23:00:00 UTC,2015-02-21 00:45:00 UTC
https://craigmod.com/,http://feeds.feedburner.com/craigmod/,http://feeds.feedburner.com/craigmod/,104.26.0.148,true,2002-06-11 06:26:00 UTC,2020-05-13 16:14:34 UTC,"Craig Mod - books, interactive works, photography, etc",https://craigmod.com/,Essays and updates from craigmod.com,Hugo -- gohugo.io,188,2009-07-27 00:00:00 UTC,2020-06-26 00:00:00 UTC
https://log.scifihifi.com/,http://log.scifihifi.com/rss,http://log.scifihifi.com/rss,,,,,Sci-Fi Hi-Fi: Weblog,,,,,,
http://gimletmedia.com/shows/reply-all,http://feeds.gimletmedia.com/hearreplyall,http://feeds.gimletmedia.com/hearreplyall,35.226.132.161,true,2014-10-02 21:00:41 UTC,2019-09-30 21:02:37 UTC,Reply All,http://gimletmedia.com/shows/reply-all,"""'A podcast about the internet' that is actually an unfailingly original exploration of modern life and how to survive it."" - The Guardian. Hosted by PJ Vogt and Alex Goldman, from Gimlet.",,173,2014-10-29 10:00:00 UTC,2020-06-18 10:00:00 UTC
https://strengthsensei.com,http://www.strengthsensei.com/feed/,http://www.strengthsensei.com/feed/,,,,,STRENGTH SENSEI LEGACY,,,,,,
https://electricbike-blog.com,http://electric-fatbike.com/feed/,http://electric-fatbike.com/feed/,192.0.78.24,true,2016-03-01 16:27:40 UTC,2020-01-31 06:34:27 UTC,ElectricBike-Blog.com,https://electricbike-blog.com,More Power... Less Boring,http://wordpress.com/,10,2019-03-05 13:50:27 UTC,2019-12-07 13:41:38 UTC
http://blog.coldflake.com/,http://blog.coldflake.com/feed.xml,http://blog.coldflake.com/feed.xml,104.28.9.104,true,2010-12-26 09:41:12 UTC,,Coldflake Blog,http://blog.coldflake.com/,Exploring software technologies,Jekyll v2.5.1,10,2013-01-09 12:00:00 UTC,2015-01-01 23:00:00 UTC
https://pxlnv.com/,http://pxlnv.com/feed/,http://pxlnv.com/feed/,155.254.21.225,true,2011-09-22 21:56:49 -0400,2016-11-12 01:11:29 -0500,Pixel Envy,https://pxlnv.com/,,https://wordpress.org/?v=4.9.15,20,2020-06-15 19:25:12 UTC,2020-06-25 21:14:29 UTC
https://syonyk.blogspot.com/,http://syonyk.blogspot.com/feeds/posts/default,http://syonyk.blogspot.com/feeds/posts/default,172.217.12.161,true,2000-07-31 00:00:00 -0700,2019-06-29 02:36:23 -0700,Syonyk's Project Blog,https://syonyk.blogspot.com/,"Electric bikes, batteries, low energy transport, sustainability, testing the testers, and more!  New posts every Saturday evening.",Blogger,25,2019-06-23 03:24:00 UTC,2020-06-21 04:18:00 UTC
,http://nate.io/rss.xml,http://nate.io/rss.xml,52.216.176.250,true,2011-05-02 01:18:33 UTC,2020-05-01 15:36:06 UTC,,,,,,,
https://longform.org/,http://longform.org/feed/rss/,http://longform.org/feed/rss/,165.227.71.159,true,2010-03-21 21:02:13 UTC,2019-02-25 17:52:44 UTC,Long Form,https://longform.org/,"The best non-fiction, past and present.",,20,2020-06-19 12:30:13 UTC,2020-06-25 17:00:15 UTC
https://zwbetz.com/,https://zwbetz.com/index.xml,https://zwbetz.com/index.xml,104.248.50.87,true,2018-03-13 01:49:27 UTC,2020-02-12 16:28:16 UTC,Home on zwbetz,https://zwbetz.com/,Recent content in Home on zwbetz,Hugo -- gohugo.io,110,2018-03-09 18:07:28 UTC,2020-06-18 03:58:08 UTC
http://www.mostlymaths.net/,http://www.mostlymaths.net/feeds/posts/default,http://www.mostlymaths.net/feeds/posts/default,185.199.110.153,true,2010-03-16 00:08:00 UTC,2020-03-08 23:06:30 UTC,Mostly Maths,https://mostlymaths.net/,Recent content on mostlymaths.net,Hugo -- gohugo.io,322,0001-01-01 00:00:00 UTC,2020-06-20 10:30:33 UTC
https://jocelyngoldfein.com?source=rss----cfedfef222a2---4,http://www.jocelyngoldfein.com/feed/,http://www.jocelyngoldfein.com/feed/,52.4.240.221,true,2014-08-13 23:14:17 UTC,2019-07-14 11:26:09 UTC,jocelyngoldfein - Medium,https://jocelyngoldfein.com?source=rss----cfedfef222a2---4,Jocelyn‚Äôs Blog - Medium,Medium,10,2016-09-20 06:22:57 UTC,2020-04-03 17:28:39 UTC
http://www.threeriversinstitute.org/blog,http://www.threeriversinstitute.org/blog/?feed=rss2,http://www.threeriversinstitute.org/blog/?feed=rss2,38.113.20.16,true,2000-05-12 12:59:04 UTC,2018-03-07 23:23:37 UTC,Three Rivers Institute,,,,,,
,http://blog.shifd.com/?feed=rss2,http://blog.shifd.com/?feed=rss2,151.101.1.195,true,2007-06-16 08:24:49 -0700,2020-05-15 02:08:36 -0700,ShifD Blog,,,,,,
http://www.24in60.com,http://www.24in60.com/feed,http://www.24in60.com/feed,162.241.217.27,true,2010-12-12 23:38:52 UTC,2019-12-13 08:51:38 UTC,24in60.com,,,,,,
http://x264dev.multimedia.cx,http://x264dev.multimedia.cx/?feed=rss2,http://x264dev.multimedia.cx/?feed=rss2,,,,,Diary Of An x264 Developer,,,,,,
http://www.humblefacture.com/,http://www.humblefacture.com/feeds/posts/default,http://www.humblefacture.com/feeds/posts/default,172.217.165.147,true,2008-11-04 18:46:52 UTC,,Humblefacture,http://www.humblefacture.com/,,Blogger,25,2009-05-09 02:18:00 UTC,2011-08-09 04:22:00 UTC
http://blog.bumblebeelabs.com,http://blog.bumblebeelabs.com/feed/atom/,http://blog.bumblebeelabs.com/feed/atom/,104.28.12.95,true,2008-06-23 22:25:31 UTC,2020-05-24 17:28:03 UTC,Bumblebee Labs Blog,,,,,,
http://www.aworkinglibrary.com/library/writing,http://aworkinglibrary.com/library/rss/,http://aworkinglibrary.com/library/rss/,,,,,A Working Library,,,,,,
http://www.bhorowitz.com/,http://www.bhorowitz.com/blog.rss,http://www.bhorowitz.com/blog.rss,35.238.188.233,true,2009-01-26 06:33:57 UTC,,Ben's blog,https://a16z.com,Software Is Eating the World,https://wordpress.org/?v=5.4.2,10,2020-06-17 23:35:11 UTC,2020-06-25 19:00:53 UTC
https://irreal.org/blog,https://irreal.org/blog/?feed=rss2,https://irreal.org/blog/?feed=rss2,162.215.249.103,true,2011-03-19 13:43:36 UTC,2020-01-19 19:19:43 UTC,Irreal,https://irreal.org/blog,"The minds had long ago come up with a proper name for it; they called it the Irreal, but they thought of it as Infinite Fun. That was what they really knew it as. The Land of Infinite Fun. --Iain M. Banks, Excession",https://wordpress.org/?v=5.4.2,10,2020-06-16 16:47:00 UTC,2020-06-25 18:21:22 UTC
https://americanaffairsjournal.org,https://americanaffairsjournal.org/feed/,https://americanaffairsjournal.org/feed/,104.196.118.3,true,2016-07-15 17:19:09 UTC,2018-07-16 13:04:01 UTC,American Affairs Journal,https://americanaffairsjournal.org,A quarterly journal of public policy and political thought,https://wordpress.org/?v=5.4.2,16,2020-05-20 04:04:00 UTC,2020-06-25 21:31:02 UTC
https://www.aboutchromebooks.com,http://www.aboutchromebooks.com/feed/,http://www.aboutchromebooks.com/feed/,52.86.133.10,true,2018-03-30 13:49:00 UTC,2020-03-03 14:19:35 UTC,About Chromebooks,https://www.aboutchromebooks.com,"Chromebooks, Chrome OS and Chrome tablet news, how tos, views and reviews",https://wordpress.org/?v=5.4.2,10,2020-06-05 16:29:26 UTC,2020-06-25 16:21:56 UTC
https://siderea.livejournal.com/,http://siderea.livejournal.com/data/rss,http://siderea.livejournal.com/data/rss,13.88.179.33,true,1999-04-15 04:00:00 UTC,2020-03-15 21:17:41 UTC,Sibylla Bostoniensis,https://siderea.livejournal.com/,Sibylla Bostoniensis - LiveJournal.com,LiveJournal / LiveJournal.com,25,2017-01-26 03:51:00 UTC,2017-10-04 20:15:56 UTC
http://tomcritchlow.com,https://tomcritchlow.com/feed,https://tomcritchlow.com/feed,104.27.150.48,true,2011-01-19 21:09:04 UTC,2020-01-20 01:28:09 UTC,tomcritchlow.com,http://tomcritchlow.com,Tom Critchlow's blog,,10,2020-05-06 00:00:00 UTC,2020-06-24 00:00:00 UTC
https://morecrows.wordpress.com,https://morecrows.wordpress.com/feed/,https://morecrows.wordpress.com/feed/,192.0.78.13,true,2000-03-03 04:13:23 -0800,2020-02-01 02:18:28 -0800,More Crows than Eagles,https://morecrows.wordpress.com,More Coyotes than Wolves,http://wordpress.com/,10,2016-02-05 19:56:56 UTC,2017-02-27 16:00:27 UTC
https://peterattiamd.com,http://eatingacademy.com/feed,http://eatingacademy.com/feed,104.24.113.91,true,2013-07-08 20:23:40 UTC,,Peter Attia,https://peterattiamd.com,,https://wordpress.org/?v=5.3.4,10,2020-05-11 09:45:17 UTC,2020-06-22 09:45:12 UTC
https://siderea.dreamwidth.org/,https://siderea.dreamwidth.org/data/rss,https://siderea.dreamwidth.org/data/rss,50.17.175.33,true,2008-03-29 18:51:17 UTC,2020-02-23 20:16:55 UTC,Sibylla Bostoniensis,https://siderea.dreamwidth.org/,Sibylla Bostoniensis - Dreamwidth Studios,LiveJournal / Dreamwidth Studios,25,2020-05-27 01:52:33 UTC,2020-06-23 07:39:03 UTC
http://thedailyportal.com/,http://thedailyportal.com/atom.xml,http://thedailyportal.com/atom.xml,204.11.56.48,true,2020-01-05 19:08:08 UTC,2020-01-05 23:30:23 UTC,The Daily Portal,,,,,,
https://twobithistory.org/,https://twobithistory.org/feed.xml,https://twobithistory.org/feed.xml,185.199.108.153,true,2017-10-14 20:39:41 UTC,2019-09-14 11:16:56 UTC,Two-Bit History,https://twobithistory.org/,A Jekyll blog about the history of computing,Jekyll,10,2018-10-14 00:00:00 UTC,2020-04-06 00:00:00 UTC
https://classicprogrammerpaintings.com/,http://classicprogrammerpaintings.tumblr.com/rss,http://classicprogrammerpaintings.tumblr.com/rss,,,,,Classic Programmer Paintings,,,,,,
https://www.theatlantic.com/author/ian-bogost/,https://www.theatlantic.com/feed/author/ian-bogost/,https://www.theatlantic.com/feed/author/ian-bogost/,151.101.210.133,true,1995-08-15 04:00:00 UTC,2019-01-13 08:32:18 UTC,Ian Bogost | The Atlantic,https://www.theatlantic.com/,,,25,2020-06-24 20:29:08 UTC,2020-06-26 11:00:00 UTC
,http://www.clickcaster.com/diveintoerlang,http://www.clickcaster.com/diveintoerlang,50.63.202.46,true,2005-02-19 19:22:39 UTC,,Dive into Erlang,,,,,,
https://www.lowtechmagazine.com/,http://feeds.feedburner.com/typepad/krisdedecker/lowtechmagazineenglish,http://feeds.feedburner.com/typepad/krisdedecker/lowtechmagazineenglish,104.18.140.190,true,2007-07-17 12:30:41 UTC,2019-07-18 00:29:52 UTC,LOW-TECH MAGAZINE,https://www.lowtechmagazine.com/,"Doubts on progress and technology



    window.cookieconsent_options = {""message"":""This website uses cookies."",""dismiss"":""Got it!"",""learnMore"":""More info"",""link"":null,""theme"":""light-bottom""};







      
       

            
       
             
                         ",TypePad,6,2019-12-05 15:36:46 UTC,2020-05-25 15:03:56 UTC
http://planet.emacslife.com/,https://planet.emacslife.com/atom.xml,https://planet.emacslife.com/atom.xml,96.126.109.163,true,2014-04-30 18:19:42 UTC,2020-03-08 03:01:25 UTC,Planet Emacslife,http://planet.emacslife.com/,,http://intertwingly.net/code/venus/,40,2020-06-04 00:00:00 UTC,2020-06-25 18:21:22 UTC
https://blog.nilsjonsson.com/,http://blog.nilsjonsson.com/rss,http://blog.nilsjonsson.com/rss,,,,,"Nils Jonsson, software builder",,,,,,
,http://feeds.feedburner.com/buckminster_fuller_institute_feed,http://feeds.feedburner.com/buckminster_fuller_institute_feed,172.217.10.238,true,2003-12-01 22:10:05 -0800,2019-10-31 02:35:58 -0700,The Buckminster Fuller Institute -,,,,,,
,http://adam.blog.heroku.com/feed,http://adam.blog.heroku.com/feed,,,,,a tornado of razorblades,,,,,,
https://chriskresser.com,http://feeds.feedburner.com/chriskresser,http://feeds.feedburner.com/chriskresser,172.217.10.238,true,2003-12-01 22:10:05 -0800,2019-10-31 02:35:58 -0700,Chris Kresser,https://chriskresser.com,Reinvent Healthcare with Functional Medicine,https://wordpress.org/?v=5.4.2,15,2020-05-14 13:00:28 UTC,2020-06-25 13:00:25 UTC
http://play.blog2t.net,http://play.blog2t.net/feed/,http://play.blog2t.net/feed/,208.113.213.226,true,2005-05-07 13:40:08 UTC,2020-04-06 07:11:23 UTC,play.blog2t.net,http://play.blog2t.net,"NaN, babe!",Chyrp,5,2010-10-31 19:00:45 UTC,2011-12-07 22:43:42 UTC
http://lifeonmars70s.tumblr.com/,http://lifeonmars70s.tumblr.com/rss,http://lifeonmars70s.tumblr.com/rss,74.114.154.18,true,2006-06-08 15:11:40 -0700,2019-12-19 10:21:17 -0800,LIFE ON MARS?,,,,,,
https://www.filfre.net,http://www.filfre.net/feed/rss/,http://www.filfre.net/feed/rss/,208.113.222.56,true,2009-05-29 13:31:46 UTC,2020-05-08 07:19:29 UTC,The Digital Antiquarian,https://www.filfre.net,A history of computer entertainment and digital culture by Jimmy Maher,https://wordpress.org/?v=5.4.2,10,2020-02-21 17:48:57 UTC,2020-06-19 14:48:18 UTC
https://escapebrooklyn.com,http://escapebrooklyn.com/feed/,http://escapebrooklyn.com/feed/,162.241.253.213,true,2013-09-20 00:09:05 UTC,2019-09-05 15:09:07 UTC,ESCAPE BROOKLYN,https://escapebrooklyn.com,"Daytrips, weekends, and beyond from NYC.",https://wordpress.org/?v=5.2.7,10,2020-03-19 21:50:09 UTC,2020-06-23 17:41:06 UTC
https://creatorinterviews.com,https://creatorinterviews.com/feed/,https://creatorinterviews.com/feed/,162.241.252.98,true,2019-02-14 08:56:39 UTC,2020-02-10 02:03:50 UTC,Creator Interviews,https://creatorinterviews.com,Interviews with online creators,https://wordpress.org/?v=5.4.2,10,2019-02-05 17:00:50 UTC,2019-05-24 04:06:29 UTC
https://www.youngfarmers.org,http://www.youngfarmers.org/feed/,http://www.youngfarmers.org/feed/,207.38.86.251,true,2002-10-28 17:18:48 UTC,2020-04-21 16:17:56 UTC,National Young Farmers Co...,,,,,,
,http://rklophaus.com/blog/atom.xml,http://rklophaus.com/blog/atom.xml,173.203.217.46,true,2006-09-25 13:34:01 UTC,2019-09-26 07:23:31 UTC,Blog,,,,,,
https://naildrivin5.com/,https://naildrivin5.com/atom.xml,https://naildrivin5.com/atom.xml,99.84.176.84,true,1998-04-29 04:00:00 -0400,2020-04-27 09:25:52 -0400,naildrivin5.com - David Bryant Copeland's Website,https://naildrivin5.com/,,,10,2019-12-02 09:00:00 UTC,2020-06-17 09:00:00 UTC
http://www.43folders.com,http://feeds.feedburner.com/43Folders,http://feeds.feedburner.com/43Folders,68.66.213.63,true,2004-09-01 00:26:19 UTC,,43 Folders,http://www.43folders.com,"A bunch of tricks, hacks & other cool stuff. A weblog by Merlin Mann",,15,2010-04-27 19:57:09 UTC,2011-10-17 19:37:45 UTC
,http://feeds.feedburner.com/rails-envy,http://feeds.feedburner.com/rails-envy,172.217.10.238,true,2003-12-01 22:10:05 -0800,2019-10-31 02:35:58 -0700,Rails Envy,,,,,,
https://www.tbray.org/ongoing/,http://www.tbray.org/ongoing/ongoing.atom,http://www.tbray.org/ongoing/ongoing.atom,104.36.148.42,true,2003-02-22 01:00:28 UTC,2019-11-23 23:16:28 UTC,ongoing,https://www.tbray.org/ongoing/comments.atom,ongoing fragmented essay by Tim Bray,"Generated from XML source code using Perl, Expat, Emacs, Mysql, Ruby, Java, and ImageMagick.  Industrial-strength technology, baby.",18,2020-03-07 20:00:00 UTC,2020-06-21 19:00:00 UTC
http://on-ruby.blogspot.com/,http://on-ruby.blogspot.com/feeds/posts/default,http://on-ruby.blogspot.com/feeds/posts/default,172.217.10.225,true,2000-07-31 00:00:00 -0700,2019-06-29 02:36:23 -0700,On Ruby,http://on-ruby.blogspot.com/,"The (mostly) tech related musings of Pat Eyler.  Ruby, Erlang, Haskell, Scala, Ocaml, Publishing, and more ...",Blogger,25,2009-10-06 13:46:00 UTC,2014-01-03 16:45:00 UTC
https://events.ccc.de,http://events.ccc.de/feed/,http://events.ccc.de/feed/,,,,,CCC Events Weblog,,,,,,
https://lettersofnote.com,http://www.lettersofnote.com/feeds/posts/default,http://www.lettersofnote.com/feeds/posts/default,,,,,Letters of Note,,,,,,
http://designnotes.info,http://designnotes.info/?feed=rss2,http://designnotes.info/?feed=rss2,,,,,DesignNotes by Michael Surtees,,,,,,
http://davidbrin.blogspot.com/,http://davidbrin.blogspot.com/feeds/posts/default,http://davidbrin.blogspot.com/feeds/posts/default,172.217.12.129,true,2000-07-31 00:00:00 -0700,2019-06-29 02:36:23 -0700,Contrary Brin,http://davidbrin.blogspot.com/,"LOOKING TOWARD 
THE FUTURE",Blogger,25,2020-03-28 20:13:00 UTC,2020-06-24 22:13:00 UTC
http://smashingtelly.com,http://smashingtelly.com/feed/,http://smashingtelly.com/feed/,162.241.219.209,true,2007-01-08 21:50:45 UTC,2019-12-24 15:08:05 UTC,"smashingtelly - the best full length free tv programs on the web, updated every day",,,,,,
http://www.lessig.org,http://www.lessig.org/blog/index.xml,http://www.lessig.org/blog/index.xml,104.18.46.209,true,1997-12-19 05:00:00 UTC,2019-09-23 19:34:22 UTC,Lessig Blog,https://www.lessig.org,"Blog, news, books",http://wordpress.org/?v=3.8.2,25,2018-09-25 02:27:31 UTC,2020-04-17 19:30:29 UTC
http://kristapaul.com/,http://kristapaul.com/rss,http://kristapaul.com/rss,,,,,Throw away the rabbits.,,,,,,
http://ayearintheday.blogspot.com/,http://ayearintheday.blogspot.com/feeds/posts/default,http://ayearintheday.blogspot.com/feeds/posts/default,172.217.11.33,true,2000-07-31 00:00:00 -0700,2019-06-29 02:36:23 -0700,A Year In The Day - 2010,http://ayearintheday.blogspot.com/,"In the year 2000 I took one picture a day with disposable cameras for the whole year. 10 years later, the world had changed, and I took photos with the camera on my phone. 20 years on - I'm at it again!",Blogger,25,2020-05-30 17:17:00 UTC,2020-06-24 00:31:00 UTC
https://avenues.tumblr.com/,http://avenues.tumblr.com/rss,http://avenues.tumblr.com/rss,74.114.154.22,true,2006-06-08 15:11:40 -0700,2019-12-19 10:21:17 -0800,Avenues Tumbl (Slava Sakhnenko),https://avenues.tumblr.com/,"slavas [at] gmail.com  |  Toronto, Canada  |  flickr | last.fm |  facebook",Tumblr (3.0; @avenues),20,2009-06-25 20:04:27 UTC,2010-03-25 18:54:13 UTC
http://www.makerbot.com,http://blog.makerbot.com/feed/,http://blog.makerbot.com/feed/,35.230.4.73,true,2009-01-15 21:09:15 UTC,2019-06-28 17:34:23 UTC,MakerBot Industries,,,,,,
,http://feeds.feedburner.com/Envirowonk,http://feeds.feedburner.com/Envirowonk,172.217.10.78,true,2003-12-01 22:10:05 -0800,2019-10-31 02:35:58 -0700,EnviroWonk (),,,,,,
https://laughingsquid.com,http://feeds.laughingsquid.com/laughingsquid,http://feeds.laughingsquid.com/laughingsquid,172.217.165.147,true,1997-09-05 04:00:00 -0400,2019-01-28 20:28:14 -0500,Laughing Squid,https://laughingsquid.com,"A daily dose of unique art, culture & technology.",https://wordpress.org/?v=5.4.2,20,2020-06-23 19:48:17 UTC,2020-06-25 21:00:33 UTC
https://blog.teamtreehouse.com,http://feeds.feedburner.com/vitaminmasterfeed,http://feeds.feedburner.com/vitaminmasterfeed,104.198.137.18,true,2011-03-22 06:20:28 UTC,2020-02-21 07:06:36 UTC,Vitamin,https://blog.teamtreehouse.com,Learn to code and change your life!,https://wordpress.org/?v=5.4.2,3,2020-05-28 23:06:51 UTC,2020-06-22 17:42:06 UTC
https://macromates.com,http://macromates.com/blog/feed/,http://macromates.com/blog/feed/,178.79.137.125,true,2003-02-05 00:25:14 UTC,2017-06-30 13:15:34 UTC,TextMate Blog,https://macromates.com,Anything vaguely related to TextMate or macOS.,https://macromates.com/glim/,30,2010-11-12 17:00:30 UTC,2014-10-16 20:21:40 UTC
https://leveragingideas.com,http://feeds.feedburner.com/LeveragingIdeas,http://feeds.feedburner.com/LeveragingIdeas,199.250.217.132,true,2006-12-26 23:48:26 UTC,,Leveraging Ideas,https://leveragingideas.com,"Sam Huleatt On Entrepreneurship, Startups and Life",https://wordpress.org/?v=5.4.2,1,2020-01-12 18:37:27 UTC,2020-01-12 18:37:27 UTC
http://developers.googleblog.com/,http://code.google.com/feeds/updates.xml,http://code.google.com/feeds/updates.xml,142.250.64.65,true,2002-06-29 00:00:00 -0700,2020-05-28 02:35:47 -0700,Google Code - Updates,http://developers.googleblog.com/,"Blog of our latest news, updates, and stories for developers",Blogger,25,2020-03-09 19:53:00 UTC,2020-06-25 13:00:00 UTC
https://puri.sm/,https://puri.sm/feed/,https://puri.sm/feed/,,,,,Purism,,,,,,
http://insidewildsanctuary.blogspot.com/,http://insidewildsanctuary.blogspot.com/feeds/posts/default,http://insidewildsanctuary.blogspot.com/feeds/posts/default,172.217.11.33,true,2000-07-31 00:00:00 -0700,2019-06-29 02:36:23 -0700,Wild Sanctuary's WildBlog,http://insidewildsanctuary.blogspot.com/,"Soundscape notes and news from inside Wild Sanctuary
",Blogger,25,2013-01-30 18:15:00 UTC,2017-04-04 17:18:00 UTC
https://www.blog.google/topics/shopping-payments/,http://googlecheckout.blogspot.com/atom.xml,http://googlecheckout.blogspot.com/atom.xml,172.217.12.161,true,,,Official Google Checkout Blog,,,,,,
https://blog.betaworks.com/,http://blog.betaworks.com/rss,http://blog.betaworks.com/rss,74.114.154.18,true,,,betaworks,https://blog.betaworks.com/,,Tumblr (3.0; @betaworks),20,2014-05-06 04:00:00 UTC,2015-01-30 14:27:00 UTC
http://weblog.rubyonrails.org/,http://feeds.feedburner.com/RidingRails,http://feeds.feedburner.com/RidingRails,185.199.108.153,true,2004-04-19 22:40:29 UTC,2019-03-23 17:27:05 UTC,Riding Rails - home,https://weblog.rubyonrails.org/,,Jekyll,10,2020-03-19 17:03:21 UTC,2020-06-17 15:11:04 UTC
http://googlemac.blogspot.com/,http://googlemac.blogspot.com/rss.xml,http://googlemac.blogspot.com/rss.xml,172.217.10.225,true,2000-07-31 00:00:00 -0700,2019-06-29 02:36:23 -0700,Official Google Mac Blog,http://googlemac.blogspot.com/,Macs inside Google.,Blogger,25,2010-01-28 19:23:00 UTC,2012-06-22 19:00:00 UTC
https://peepcode.com/products,http://peepcode.com/products.rss,http://peepcode.com/products.rss,184.168.131.241,true,2006-08-01 02:25:32 UTC,,PeepCode Products,,,,,,
https://www.blog.google/,http://googleblog.blogspot.com/atom.xml,http://googleblog.blogspot.com/atom.xml,172.217.11.33,true,2000-07-31 00:00:00 -0700,2019-06-29 02:36:23 -0700,Official Google Blog,https://blog.google/,"Insights from Googlers into our products, technology, and the Google culture.",,20,2020-06-22 16:00:00 UTC,2020-06-25 21:00:00 UTC
https://aws.amazon.com/blogs/aws/,http://aws.typepad.com/aws/atom.xml,http://aws.typepad.com/aws/atom.xml,13.226.27.72,true,,,Amazon Web Services Blog,https://aws.amazon.com/blogs/aws/,Official Blog of Amazon Web Services,,20,2020-05-11 15:53:20 UTC,2020-06-24 19:52:21 UTC
https://pragprog.com/,http://pragprog.com/feed/global,http://pragprog.com/feed/global,161.35.125.80,true,1999-01-19 05:00:00 UTC,2019-12-21 08:31:37 UTC,Pragmatic Bookshelf,,,,,,
https://m.signalvnoise.com,http://www.37signals.com/svn/index_full.rdf,http://www.37signals.com/svn/index_full.rdf,199.16.173.217,true,2014-01-16 23:03:05 UTC,2020-01-17 08:56:24 UTC,Signal vs. Noise,https://m.signalvnoise.com,"Strong opinions and shared thoughts on design, business, and tech. By the makers (and friends) of <a href=""https://www.basecamp.com"" target=""_blank"" rel=""noopener"">Basecamp</a>. Since 1999.",,10,2020-03-27 14:37:37 UTC,2020-06-19 15:41:33 UTC
http://blog.peepcode.com,http://feeds.feedburner.com/nubyonrails,http://feeds.feedburner.com/nubyonrails,172.217.10.78,true,2003-12-01 22:10:05 -0800,2019-10-31 02:35:58 -0700,Nuby on Rails,,,,,,
https://www.usv.com,http://www.unionsquareventures.com/feed,http://www.unionsquareventures.com/feed,172.67.198.176,true,1997-09-23 04:00:00 UTC,2015-09-17 20:11:58 UTC,Union Square Ventures: A New York Venture Capital Fund Focused on Early Stage &amp; Startup Investing,https://www.usv.com,Union Square Ventures is a venture capital firm based in New York City.,https://wordpress.org/?v=5.3.2,6,2020-03-18 14:54:04 UTC,2020-06-03 19:31:31 UTC
http://googlecheckoutapi.blogspot.com/,http://feeds.feedburner.com/GoogleCheckoutApiBlog,http://feeds.feedburner.com/GoogleCheckoutApiBlog,142.250.64.65,true,2000-07-31 00:00:00 -0700,2019-06-29 02:36:23 -0700,Google Checkout API Blog,http://googlecheckoutapi.blogspot.com/,Your source for the latest news from the Checkout API team,Blogger,25,2007-04-06 17:34:00 UTC,2007-10-02 00:47:00 UTC
http://googlevideo.blogspot.com/,http://googlevideo.blogspot.com/atom.xml,http://googlevideo.blogspot.com/atom.xml,172.217.11.33,true,2000-07-31 00:00:00 -0700,2019-06-29 02:36:23 -0700,Official Google Video Blog,http://googlevideo.blogspot.com/,Showcasing cool new videos from across the web.,Blogger,25,2006-11-29 01:52:00 UTC,2010-07-09 17:03:00 UTC
http://googlemapsapi.blogspot.com/,http://googlemapsapi.blogspot.com/atom.xml,http://googlemapsapi.blogspot.com/atom.xml,172.217.12.161,true,2000-07-31 00:00:00 -0700,2019-06-29 02:36:23 -0700,Google Maps API Official Blog,http://googlemapsapi.blogspot.com/,"Your official source for news, tips and tricks for the Google Maps API.",Blogger,25,2008-02-19 18:52:00 UTC,2008-05-29 00:20:00 UTC
,http://textism.com/feed,http://textism.com/feed,207.176.7.23,true,2016-03-04 19:14:54 UTC,2020-01-20 15:57:58 UTC,Textism,,,,,,
http://vizsage.com/blog/,http://vizsage.com/blog/atom.xml,http://vizsage.com/blog/atom.xml,104.238.148.147,true,2007-08-23 07:45:13 UTC,,Vizsage,,,,,,
http://undomiciled.blogspot.com/,http://undomiciled.blogspot.com/feeds/posts/default,http://undomiciled.blogspot.com/feeds/posts/default,142.250.64.65,true,2000-07-31 00:00:00 -0700,2019-06-29 02:36:23 -0700,The Undomiciled Sophisticate,http://undomiciled.blogspot.com/,,Blogger,1,2017-03-07 19:15:00 UTC,2017-03-07 19:15:00 UTC
,http://feeds.feedburner.com/NorthPoleSpeedRecord,http://feeds.feedburner.com/NorthPoleSpeedRecord,172.217.10.78,true,2003-12-01 22:10:05 -0800,2019-10-31 02:35:58 -0700,North Pole Speed Record,,,,,,
,http://jakemandell.com/feed/atom/,http://jakemandell.com/feed/atom/,107.180.50.215,true,2006-10-29 12:32:18 UTC,,jakemandell.com,,,,,,
,http://www.subtraction.com/index.xml,http://www.subtraction.com/index.xml,104.199.125.248,true,1997-02-13 05:00:00 UTC,2018-01-24 20:44:06 UTC,Subtraction,,,,,,
https://sublimeguile.com/,http://sublimeguile.com/feed/,http://sublimeguile.com/feed/,66.6.44.4,true,2000-09-13 14:39:11 UTC,2019-08-29 14:01:06 UTC,sublimeguile,https://sublimeguile.com/,,Tumblr (3.0; @combray),20,2017-09-29 17:09:53 UTC,2019-07-29 15:46:51 UTC
https://ripshaw.blogspot.com/,http://ripshaw.blogspot.com/feeds/posts/default,http://ripshaw.blogspot.com/feeds/posts/default,172.217.12.193,true,2000-07-31 00:00:00 -0700,2019-06-29 02:36:23 -0700,ripshaw,https://ripshaw.blogspot.com/,,Blogger,25,2019-05-06 18:09:00 UTC,2019-05-06 18:15:00 UTC
https://steampunk.vip,http://steampunkspectacular.com/feed/,http://steampunkspectacular.com/feed/,,,,,Steampunk Spectacular,,,,,,
http://paultyma.blogspot.com/,http://paultyma.blogspot.com/feeds/posts/default,http://paultyma.blogspot.com/feeds/posts/default,172.217.10.225,true,2000-07-31 00:00:00 -0700,2019-06-29 02:36:23 -0700,Technical Revenue,http://paultyma.blogspot.com/,A wide range of curious topics,Blogger,14,2005-12-07 03:52:00 UTC,2016-06-02 09:57:00 UTC
https://stereolabrat.livejournal.com/,http://www.livejournal.com/users/stereolabrat/data/rss,http://www.livejournal.com/users/stereolabrat/data/rss,13.88.179.33,true,1999-04-15 04:00:00 UTC,2020-03-15 21:17:41 UTC,Classically trained to rock your socks off,https://stereolabrat.livejournal.com/,Stereolabrat - LiveJournal.com,LiveJournal / LiveJournal.com,1,2009-09-23 02:04:27 UTC,2009-09-23 02:04:27 UTC
http://menumap.blogspot.com/,http://menumap.blogspot.com/feeds/posts/default,http://menumap.blogspot.com/feeds/posts/default,172.217.12.193,true,2000-07-31 00:00:00 -0700,2019-06-29 02:36:23 -0700,menumap,http://menumap.blogspot.com/,,Blogger,11,2006-01-09 16:05:00 UTC,2008-05-29 16:13:00 UTC
,http://mattdb.com/feed/atom.xml,http://mattdb.com/feed/atom.xml,192.30.252.153,true,2007-05-09 22:01:11 UTC,2018-05-01 15:38:08 UTC,mattdb.com - Home,,,,,,
https://sunnybains.typepad.com/bmbooks/,http://sunnybains.typepad.com/bmbooks/atom.xml,http://sunnybains.typepad.com/bmbooks/atom.xml,104.18.138.190,true,2003-03-31 22:27:18 UTC,2020-03-02 04:47:20 UTC,Books about Brains and Machines,https://sunnybains.typepad.com/bmbooks/,Sunny Bains writes about books that have made her think about technology: for better and for worse,TypePad,6,2007-04-06 16:21:01 UTC,2008-08-08 23:09:21 UTC
,http://sustain.ca/wpblog/?feed=rss2,http://sustain.ca/wpblog/?feed=rss2,,,,,miniHomage,,,,,,
http://abriefmessage.com/,http://feeds.feedburner.com/abriefmessage,http://feeds.feedburner.com/abriefmessage,172.217.10.78,true,2003-12-01 22:10:05 -0800,2019-10-31 02:35:58 -0700,A Brief Message,http://abriefmessage.com/,200 words or less about design.,Movable Type 3.33,15,2007-10-18 04:14:58 UTC,2008-03-24 05:00:05 UTC
